method,combo,anchor,alpha,beta,gamma,d_src_mat,d_tgt_mat,d_src_int,d_tgt_int,inter_mat,inter_int,path
baseline_sum,rolling_drop,fs365161,nan,nan,nan,30.341777801513672,26.888628005981445,24.065692901611328,24.065692901611328,0.5301688389742263,0.5,/home/atorsaev/projects/tecniacustica-prospect/outputs/baseline_sum/full/rolling_drop_anchor0.wav
baseline_interp,rolling_drop,fs365161,nan,nan,nan,7.207592964172363,3.3250012397766113,3.0059046745300293,3.0059046745300293,0.6843131733667015,0.5,/home/atorsaev/projects/tecniacustica-prospect/outputs/baseline_interp/full/rolling_drop_anchor0.wav
A,rolling_drop,fs365161,0.3,0.3,0.0,11.460427284240723,7.170435428619385,4.338298320770264,4.338298320770264,0.6151313259216352,0.5,/home/atorsaev/projects/tecniacustica-prospect/outputs/method_a/full/rolling_drop_a0.3_b0.3_g0.0_anchor0.wav
A,rolling_drop,fs365161,0.3,0.3,0.5,16.727561950683594,12.232121467590332,9.10410213470459,9.10410213470459,0.5776154976732472,0.5,/home/atorsaev/projects/tecniacustica-prospect/outputs/method_a/full/rolling_drop_a0.3_b0.3_g0.5_anchor0.wav
A,rolling_drop,fs365161,0.3,0.3,1.0,22.320043563842773,17.753253936767578,14.579901695251465,14.579901695251465,0.5569804571971109,0.5,/home/atorsaev/projects/tecniacustica-prospect/outputs/method_a/full/rolling_drop_a0.3_b0.3_g1.0_anchor0.wav
A,rolling_drop,fs365161,0.3,0.6,0.0,11.460427284240723,7.170435428619385,4.338298320770264,4.338298320770264,0.6151313259216352,0.5,/home/atorsaev/projects/tecniacustica-prospect/outputs/method_a/full/rolling_drop_a0.3_b0.6_g0.0_anchor0.wav
A,rolling_drop,fs365161,0.3,0.6,0.5,16.727561950683594,12.232121467590332,9.10410213470459,9.10410213470459,0.5776154976732472,0.5,/home/atorsaev/projects/tecniacustica-prospect/outputs/method_a/full/rolling_drop_a0.3_b0.6_g0.5_anchor0.wav
A,rolling_drop,fs365161,0.3,0.6,1.0,22.320043563842773,17.753253936767578,14.579901695251465,14.579901695251465,0.5569804571971109,0.5,/home/atorsaev/projects/tecniacustica-prospect/outputs/method_a/full/rolling_drop_a0.3_b0.6_g1.0_anchor0.wav
A,rolling_drop,fs365161,0.3,0.9,0.0,11.460427284240723,7.170435428619385,4.338298320770264,4.338298320770264,0.6151313259216352,0.5,/home/atorsaev/projects/tecniacustica-prospect/outputs/method_a/full/rolling_drop_a0.3_b0.9_g0.0_anchor0.wav
A,rolling_drop,fs365161,0.3,0.9,0.5,16.727561950683594,12.232121467590332,9.10410213470459,9.10410213470459,0.5776154976732472,0.5,/home/atorsaev/projects/tecniacustica-prospect/outputs/method_a/full/rolling_drop_a0.3_b0.9_g0.5_anchor0.wav
A,rolling_drop,fs365161,0.3,0.9,1.0,22.320043563842773,17.753253936767578,14.579901695251465,14.579901695251465,0.5569804571971109,0.5,/home/atorsaev/projects/tecniacustica-prospect/outputs/method_a/full/rolling_drop_a0.3_b0.9_g1.0_anchor0.wav
A,rolling_drop,fs365161,0.6,0.3,0.0,12.69441032409668,8.320816993713379,5.381457328796387,5.381457328796387,0.6040577211712728,0.5,/home/atorsaev/projects/tecniacustica-prospect/outputs/method_a/full/rolling_drop_a0.6_b0.3_g0.0_anchor0.wav
A,rolling_drop,fs365161,0.6,0.3,0.5,18.04958724975586,13.523932456970215,10.378722190856934,10.378722190856934,0.571668518962715,0.5,/home/atorsaev/projects/tecniacustica-prospect/outputs/method_a/full/rolling_drop_a0.6_b0.3_g0.5_anchor0.wav
A,rolling_drop,fs365161,0.6,0.3,1.0,23.592599868774414,19.01646614074707,15.846583366394043,15.846583366394043,0.5536990616726656,0.5,/home/atorsaev/projects/tecniacustica-prospect/outputs/method_a/full/rolling_drop_a0.6_b0.3_g1.0_anchor0.wav
A,rolling_drop,fs365161,0.6,0.6,0.0,12.69441032409668,8.320816993713379,5.381457328796387,5.381457328796387,0.6040577211712728,0.5,/home/atorsaev/projects/tecniacustica-prospect/outputs/method_a/full/rolling_drop_a0.6_b0.6_g0.0_anchor0.wav
A,rolling_drop,fs365161,0.6,0.6,0.5,18.04958724975586,13.523932456970215,10.378722190856934,10.378722190856934,0.571668518962715,0.5,/home/atorsaev/projects/tecniacustica-prospect/outputs/method_a/full/rolling_drop_a0.6_b0.6_g0.5_anchor0.wav
A,rolling_drop,fs365161,0.6,0.6,1.0,23.592599868774414,19.01646614074707,15.846583366394043,15.846583366394043,0.5536990616726656,0.5,/home/atorsaev/projects/tecniacustica-prospect/outputs/method_a/full/rolling_drop_a0.6_b0.6_g1.0_anchor0.wav
A,rolling_drop,fs365161,0.6,0.9,0.0,12.69441032409668,8.320816993713379,5.381457328796387,5.381457328796387,0.6040577211712728,0.5,/home/atorsaev/projects/tecniacustica-prospect/outputs/method_a/full/rolling_drop_a0.6_b0.9_g0.0_anchor0.wav
A,rolling_drop,fs365161,0.6,0.9,0.5,18.04958724975586,13.523932456970215,10.378722190856934,10.378722190856934,0.571668518962715,0.5,/home/atorsaev/projects/tecniacustica-prospect/outputs/method_a/full/rolling_drop_a0.6_b0.9_g0.5_anchor0.wav
A,rolling_drop,fs365161,0.6,0.9,1.0,23.592599868774414,19.01646614074707,15.846583366394043,15.846583366394043,0.5536990616726656,0.5,/home/atorsaev/projects/tecniacustica-prospect/outputs/method_a/full/rolling_drop_a0.6_b0.9_g1.0_anchor0.wav
A,rolling_drop,fs365161,0.9,0.3,0.0,14.070525169372559,9.651224136352539,6.618321418762207,6.618321418762207,0.5931487171303836,0.5,/home/atorsaev/projects/tecniacustica-prospect/outputs/method_a/full/rolling_drop_a0.9_b0.3_g0.0_anchor0.wav
A,rolling_drop,fs365161,0.9,0.3,0.5,19.575237274169922,15.03172492980957,11.869007110595703,11.869007110595703,0.5656444838534052,0.5,/home/atorsaev/projects/tecniacustica-prospect/outputs/method_a/full/rolling_drop_a0.9_b0.3_g0.5_anchor0.wav
A,rolling_drop,fs365161,0.9,0.3,1.0,24.854061126708984,20.271024703979492,17.105144500732422,17.105144500732422,0.550781470408984,0.5,/home/atorsaev/projects/tecniacustica-prospect/outputs/method_a/full/rolling_drop_a0.9_b0.3_g1.0_anchor0.wav
A,rolling_drop,fs365161,0.9,0.6,0.0,14.070525169372559,9.651224136352539,6.618321418762207,6.618321418762207,0.5931487171303836,0.5,/home/atorsaev/projects/tecniacustica-prospect/outputs/method_a/full/rolling_drop_a0.9_b0.6_g0.0_anchor0.wav
A,rolling_drop,fs365161,0.9,0.6,0.5,19.575237274169922,15.03172492980957,11.869007110595703,11.869007110595703,0.5656444838534052,0.5,/home/atorsaev/projects/tecniacustica-prospect/outputs/method_a/full/rolling_drop_a0.9_b0.6_g0.5_anchor0.wav
A,rolling_drop,fs365161,0.9,0.6,1.0,24.854061126708984,20.271024703979492,17.105144500732422,17.105144500732422,0.550781470408984,0.5,/home/atorsaev/projects/tecniacustica-prospect/outputs/method_a/full/rolling_drop_a0.9_b0.6_g1.0_anchor0.wav
A,rolling_drop,fs365161,0.9,0.9,0.0,14.070525169372559,9.651224136352539,6.618321418762207,6.618321418762207,0.5931487171303836,0.5,/home/atorsaev/projects/tecniacustica-prospect/outputs/method_a/full/rolling_drop_a0.9_b0.9_g0.0_anchor0.wav
A,rolling_drop,fs365161,0.9,0.9,0.5,19.575237274169922,15.03172492980957,11.869007110595703,11.869007110595703,0.5656444838534052,0.5,/home/atorsaev/projects/tecniacustica-prospect/outputs/method_a/full/rolling_drop_a0.9_b0.9_g0.5_anchor0.wav
A,rolling_drop,fs365161,0.9,0.9,1.0,24.854061126708984,20.271024703979492,17.105144500732422,17.105144500732422,0.550781470408984,0.5,/home/atorsaev/projects/tecniacustica-prospect/outputs/method_a/full/rolling_drop_a0.9_b0.9_g1.0_anchor0.wav
baseline_sum,rolling_drop,fs460174,nan,nan,nan,35.357521057128906,31.887081146240234,28.913846969604492,28.913846969604492,0.525804598407329,0.5,/home/atorsaev/projects/tecniacustica-prospect/outputs/baseline_sum/full/rolling_drop_anchor1.wav
baseline_interp,rolling_drop,fs460174,nan,nan,nan,8.185492515563965,3.9521570205688477,1.5970577001571655,1.5970577001571655,0.6743886030422958,0.5,/home/atorsaev/projects/tecniacustica-prospect/outputs/baseline_interp/full/rolling_drop_anchor1.wav
A,rolling_drop,fs460174,0.3,0.3,0.0,13.382451057434082,9.026349067687988,5.4489030838012695,5.4489030838012695,0.5971962346093703,0.5,/home/atorsaev/projects/tecniacustica-prospect/outputs/method_a/full/rolling_drop_a0.3_b0.3_g0.0_anchor1.wav
A,rolling_drop,fs460174,0.3,0.3,0.5,18.383291244506836,13.850881576538086,10.393826484680176,10.393826484680176,0.5703044202807811,0.5,/home/atorsaev/projects/tecniacustica-prospect/outputs/method_a/full/rolling_drop_a0.3_b0.3_g0.5_anchor1.wav
A,rolling_drop,fs460174,0.3,0.3,1.0,23.748714447021484,19.159433364868164,15.77956771850586,15.77956771850586,0.553477967648078,0.5,/home/atorsaev/projects/tecniacustica-prospect/outputs/method_a/full/rolling_drop_a0.3_b0.3_g1.0_anchor1.wav
A,rolling_drop,fs460174,0.3,0.6,0.0,13.382451057434082,9.026349067687988,5.4489030838012695,5.4489030838012695,0.5971962346093703,0.5,/home/atorsaev/projects/tecniacustica-prospect/outputs/method_a/full/rolling_drop_a0.3_b0.6_g0.0_anchor1.wav
A,rolling_drop,fs460174,0.3,0.6,0.5,18.383291244506836,13.850881576538086,10.393826484680176,10.393826484680176,0.5703044202807811,0.5,/home/atorsaev/projects/tecniacustica-prospect/outputs/method_a/full/rolling_drop_a0.3_b0.6_g0.5_anchor1.wav
A,rolling_drop,fs460174,0.3,0.6,1.0,23.748714447021484,19.159433364868164,15.77956771850586,15.77956771850586,0.553477967648078,0.5,/home/atorsaev/projects/tecniacustica-prospect/outputs/method_a/full/rolling_drop_a0.3_b0.6_g1.0_anchor1.wav
A,rolling_drop,fs460174,0.3,0.9,0.0,13.382451057434082,9.026349067687988,5.4489030838012695,5.4489030838012695,0.5971962346093703,0.5,/home/atorsaev/projects/tecniacustica-prospect/outputs/method_a/full/rolling_drop_a0.3_b0.9_g0.0_anchor1.wav
A,rolling_drop,fs460174,0.3,0.9,0.5,18.383291244506836,13.850881576538086,10.393826484680176,10.393826484680176,0.5703044202807811,0.5,/home/atorsaev/projects/tecniacustica-prospect/outputs/method_a/full/rolling_drop_a0.3_b0.9_g0.5_anchor1.wav
A,rolling_drop,fs460174,0.3,0.9,1.0,23.748714447021484,19.159433364868164,15.77956771850586,15.77956771850586,0.553477967648078,0.5,/home/atorsaev/projects/tecniacustica-prospect/outputs/method_a/full/rolling_drop_a0.3_b0.9_g1.0_anchor1.wav
A,rolling_drop,fs460174,0.6,0.3,0.0,14.34815788269043,9.925678253173828,6.377562522888184,6.377562522888184,0.5910956060587444,0.5,/home/atorsaev/projects/tecniacustica-prospect/outputs/method_a/full/rolling_drop_a0.6_b0.3_g0.0_anchor1.wav
A,rolling_drop,fs460174,0.6,0.3,0.5,19.62847137451172,15.072850227355957,11.640684127807617,11.640684127807617,0.5656404559787616,0.5,/home/atorsaev/projects/tecniacustica-prospect/outputs/method_a/full/rolling_drop_a0.6_b0.3_g0.5_anchor1.wav
A,rolling_drop,fs460174,0.6,0.3,1.0,24.931495666503906,20.32968521118164,16.964872360229492,16.964872360229492,0.5508361731287634,0.5,/home/atorsaev/projects/tecniacustica-prospect/outputs/method_a/full/rolling_drop_a0.6_b0.3_g1.0_anchor1.wav
A,rolling_drop,fs460174,0.6,0.6,0.0,14.34815788269043,9.925678253173828,6.377562522888184,6.377562522888184,0.5910956060587444,0.5,/home/atorsaev/projects/tecniacustica-prospect/outputs/method_a/full/rolling_drop_a0.6_b0.6_g0.0_anchor1.wav
A,rolling_drop,fs460174,0.6,0.6,0.5,19.62847137451172,15.072850227355957,11.640684127807617,11.640684127807617,0.5656404559787616,0.5,/home/atorsaev/projects/tecniacustica-prospect/outputs/method_a/full/rolling_drop_a0.6_b0.6_g0.5_anchor1.wav
A,rolling_drop,fs460174,0.6,0.6,1.0,24.931495666503906,20.32968521118164,16.964872360229492,16.964872360229492,0.5508361731287634,0.5,/home/atorsaev/projects/tecniacustica-prospect/outputs/method_a/full/rolling_drop_a0.6_b0.6_g1.0_anchor1.wav
A,rolling_drop,fs460174,0.6,0.9,0.0,14.34815788269043,9.925678253173828,6.377562522888184,6.377562522888184,0.5910956060587444,0.5,/home/atorsaev/projects/tecniacustica-prospect/outputs/method_a/full/rolling_drop_a0.6_b0.9_g0.0_anchor1.wav
A,rolling_drop,fs460174,0.6,0.9,0.5,19.62847137451172,15.072850227355957,11.640684127807617,11.640684127807617,0.5656404559787616,0.5,/home/atorsaev/projects/tecniacustica-prospect/outputs/method_a/full/rolling_drop_a0.6_b0.9_g0.5_anchor1.wav
A,rolling_drop,fs460174,0.6,0.9,1.0,24.931495666503906,20.32968521118164,16.964872360229492,16.964872360229492,0.5508361731287634,0.5,/home/atorsaev/projects/tecniacustica-prospect/outputs/method_a/full/rolling_drop_a0.6_b0.9_g1.0_anchor1.wav
A,rolling_drop,fs460174,0.9,0.3,0.0,15.80655574798584,11.32910442352295,7.822135925292969,7.822135925292969,0.5825012418160921,0.5,/home/atorsaev/projects/tecniacustica-prospect/outputs/method_a/full/rolling_drop_a0.9_b0.3_g0.0_anchor1.wav
A,rolling_drop,fs460174,0.9,0.3,0.5,20.880796432495117,16.303543090820312,12.894149780273438,12.894149780273438,0.561548132886449,0.5,/home/atorsaev/projects/tecniacustica-prospect/outputs/method_a/full/rolling_drop_a0.9_b0.3_g0.5_anchor1.wav
A,rolling_drop,fs460174,0.9,0.3,1.0,26.11369514465332,21.502826690673828,18.155399322509766,18.155399322509766,0.5484166868469361,0.5,/home/atorsaev/projects/tecniacustica-prospect/outputs/method_a/full/rolling_drop_a0.9_b0.3_g1.0_anchor1.wav
A,rolling_drop,fs460174,0.9,0.6,0.0,15.80655574798584,11.32910442352295,7.822135925292969,7.822135925292969,0.5825012418160921,0.5,/home/atorsaev/projects/tecniacustica-prospect/outputs/method_a/full/rolling_drop_a0.9_b0.6_g0.0_anchor1.wav
A,rolling_drop,fs460174,0.9,0.6,0.5,20.880796432495117,16.303543090820312,12.894149780273438,12.894149780273438,0.561548132886449,0.5,/home/atorsaev/projects/tecniacustica-prospect/outputs/method_a/full/rolling_drop_a0.9_b0.6_g0.5_anchor1.wav
A,rolling_drop,fs460174,0.9,0.6,1.0,26.11369514465332,21.502826690673828,18.155399322509766,18.155399322509766,0.5484166868469361,0.5,/home/atorsaev/projects/tecniacustica-prospect/outputs/method_a/full/rolling_drop_a0.9_b0.6_g1.0_anchor1.wav
A,rolling_drop,fs460174,0.9,0.9,0.0,15.80655574798584,11.32910442352295,7.822135925292969,7.822135925292969,0.5825012418160921,0.5,/home/atorsaev/projects/tecniacustica-prospect/outputs/method_a/full/rolling_drop_a0.9_b0.9_g0.0_anchor1.wav
A,rolling_drop,fs460174,0.9,0.9,0.5,20.880796432495117,16.303543090820312,12.894149780273438,12.894149780273438,0.561548132886449,0.5,/home/atorsaev/projects/tecniacustica-prospect/outputs/method_a/full/rolling_drop_a0.9_b0.9_g0.5_anchor1.wav
A,rolling_drop,fs460174,0.9,0.9,1.0,26.11369514465332,21.502826690673828,18.155399322509766,18.155399322509766,0.5484166868469361,0.5,/home/atorsaev/projects/tecniacustica-prospect/outputs/method_a/full/rolling_drop_a0.9_b0.9_g1.0_anchor1.wav
baseline_sum,liquid_rock_impact,9c95dfbea5d2,nan,nan,nan,24.287485122680664,20.51565933227539,24.367462158203125,24.367462158203125,0.5420933154938845,0.5,/home/atorsaev/projects/tecniacustica-prospect/outputs/baseline_sum/full/liquid_rock_impact_anchor0.wav
baseline_interp,liquid_rock_impact,9c95dfbea5d2,nan,nan,nan,0.8897761702537537,6.084314346313477,0.7316421866416931,0.7316421866416931,0.127583111806833,0.5,/home/atorsaev/projects/tecniacustica-prospect/outputs/baseline_interp/full/liquid_rock_impact_anchor0.wav
A,liquid_rock_impact,9c95dfbea5d2,0.3,0.3,0.0,0.6119488477706909,5.796360492706299,0.4525311589241028,0.4525311589241028,0.09549302556446951,0.5,/home/atorsaev/projects/tecniacustica-prospect/outputs/method_a/full/liquid_rock_impact_a0.3_b0.3_g0.0_anchor0.wav
A,liquid_rock_impact,9c95dfbea5d2,0.3,0.3,0.5,0.43208450078964233,5.36761999130249,0.3551303744316101,0.3551303744316101,0.0745011235148767,0.5,/home/atorsaev/projects/tecniacustica-prospect/outputs/method_a/full/liquid_rock_impact_a0.3_b0.3_g0.5_anchor0.wav
A,liquid_rock_impact,9c95dfbea5d2,0.3,0.3,1.0,1.1442257165908813,4.466691017150879,1.2412099838256836,1.2412099838256836,0.20392847919236565,0.5,/home/atorsaev/projects/tecniacustica-prospect/outputs/method_a/full/liquid_rock_impact_a0.3_b0.3_g1.0_anchor0.wav
A,liquid_rock_impact,9c95dfbea5d2,0.3,0.6,0.0,0.6119488477706909,5.796360492706299,0.4525311589241028,0.4525311589241028,0.09549302556446951,0.5,/home/atorsaev/projects/tecniacustica-prospect/outputs/method_a/full/liquid_rock_impact_a0.3_b0.6_g0.0_anchor0.wav
A,liquid_rock_impact,9c95dfbea5d2,0.3,0.6,0.5,0.43208450078964233,5.36761999130249,0.3551303744316101,0.3551303744316101,0.0745011235148767,0.5,/home/atorsaev/projects/tecniacustica-prospect/outputs/method_a/full/liquid_rock_impact_a0.3_b0.6_g0.5_anchor0.wav
A,liquid_rock_impact,9c95dfbea5d2,0.3,0.6,1.0,1.1442257165908813,4.466691017150879,1.2412099838256836,1.2412099838256836,0.20392847919236565,0.5,/home/atorsaev/projects/tecniacustica-prospect/outputs/method_a/full/liquid_rock_impact_a0.3_b0.6_g1.0_anchor0.wav
A,liquid_rock_impact,9c95dfbea5d2,0.3,0.9,0.0,0.6119488477706909,5.796360492706299,0.4525311589241028,0.4525311589241028,0.09549302556446951,0.5,/home/atorsaev/projects/tecniacustica-prospect/outputs/method_a/full/liquid_rock_impact_a0.3_b0.9_g0.0_anchor0.wav
A,liquid_rock_impact,9c95dfbea5d2,0.3,0.9,0.5,0.43208450078964233,5.36761999130249,0.3551303744316101,0.3551303744316101,0.0745011235148767,0.5,/home/atorsaev/projects/tecniacustica-prospect/outputs/method_a/full/liquid_rock_impact_a0.3_b0.9_g0.5_anchor0.wav
A,liquid_rock_impact,9c95dfbea5d2,0.3,0.9,1.0,1.1442257165908813,4.466691017150879,1.2412099838256836,1.2412099838256836,0.20392847919236565,0.5,/home/atorsaev/projects/tecniacustica-prospect/outputs/method_a/full/liquid_rock_impact_a0.3_b0.9_g1.0_anchor0.wav
A,liquid_rock_impact,9c95dfbea5d2,0.6,0.3,0.0,0.44199639558792114,5.298942565917969,0.3926630914211273,0.3926630914211273,0.07699026212865222,0.5,/home/atorsaev/projects/tecniacustica-prospect/outputs/method_a/full/liquid_rock_impact_a0.6_b0.3_g0.0_anchor0.wav
A,liquid_rock_impact,9c95dfbea5d2,0.6,0.3,0.5,1.3328222036361694,4.2709550857543945,1.444257140159607,1.444257140159607,0.23784353563117358,0.5,/home/atorsaev/projects/tecniacustica-prospect/outputs/method_a/full/liquid_rock_impact_a0.6_b0.3_g0.5_anchor0.wav
A,liquid_rock_impact,9c95dfbea5d2,0.6,0.3,1.0,3.5825870037078857,2.435190439224243,3.725876808166504,3.725876808166504,0.5953339147362944,0.5,/home/atorsaev/projects/tecniacustica-prospect/outputs/method_a/full/liquid_rock_impact_a0.6_b0.3_g1.0_anchor0.wav
A,liquid_rock_impact,9c95dfbea5d2,0.6,0.6,0.0,0.44199639558792114,5.298942565917969,0.3926630914211273,0.3926630914211273,0.07699026212865222,0.5,/home/atorsaev/projects/tecniacustica-prospect/outputs/method_a/full/liquid_rock_impact_a0.6_b0.6_g0.0_anchor0.wav
A,liquid_rock_impact,9c95dfbea5d2,0.6,0.6,0.5,1.3328222036361694,4.2709550857543945,1.444257140159607,1.444257140159607,0.23784353563117358,0.5,/home/atorsaev/projects/tecniacustica-prospect/outputs/method_a/full/liquid_rock_impact_a0.6_b0.6_g0.5_anchor0.wav
A,liquid_rock_impact,9c95dfbea5d2,0.6,0.6,1.0,3.5825870037078857,2.435190439224243,3.725876808166504,3.725876808166504,0.5953339147362944,0.5,/home/atorsaev/projects/tecniacustica-prospect/outputs/method_a/full/liquid_rock_impact_a0.6_b0.6_g1.0_anchor0.wav
A,liquid_rock_impact,9c95dfbea5d2,0.6,0.9,0.0,0.44199639558792114,5.298942565917969,0.3926630914211273,0.3926630914211273,0.07699026212865222,0.5,/home/atorsaev/projects/tecniacustica-prospect/outputs/method_a/full/liquid_rock_impact_a0.6_b0.9_g0.0_anchor0.wav
A,liquid_rock_impact,9c95dfbea5d2,0.6,0.9,0.5,1.3328222036361694,4.2709550857543945,1.444257140159607,1.444257140159607,0.23784353563117358,0.5,/home/atorsaev/projects/tecniacustica-prospect/outputs/method_a/full/liquid_rock_impact_a0.6_b0.9_g0.5_anchor0.wav
A,liquid_rock_impact,9c95dfbea5d2,0.6,0.9,1.0,3.5825870037078857,2.435190439224243,3.725876808166504,3.725876808166504,0.5953339147362944,0.5,/home/atorsaev/projects/tecniacustica-prospect/outputs/method_a/full/liquid_rock_impact_a0.6_b0.9_g1.0_anchor0.wav
A,liquid_rock_impact,9c95dfbea5d2,0.9,0.3,0.0,2.365247964859009,3.3565354347229004,2.4973556995391846,2.4973556995391846,0.41337600521866336,0.5,/home/atorsaev/projects/tecniacustica-prospect/outputs/method_a/full/liquid_rock_impact_a0.9_b0.3_g0.0_anchor0.wav
A,liquid_rock_impact,9c95dfbea5d2,0.9,0.3,0.5,3.763110876083374,2.3033287525177,3.9083495140075684,3.9083495140075684,0.6203162160752985,0.5,/home/atorsaev/projects/tecniacustica-prospect/outputs/method_a/full/liquid_rock_impact_a0.9_b0.3_g0.5_anchor0.wav
A,liquid_rock_impact,9c95dfbea5d2,0.9,0.3,1.0,5.125975608825684,1.805280327796936,5.277620792388916,5.277620792388916,0.7395449908294489,0.5,/home/atorsaev/projects/tecniacustica-prospect/outputs/method_a/full/liquid_rock_impact_a0.9_b0.3_g1.0_anchor0.wav
A,liquid_rock_impact,9c95dfbea5d2,0.9,0.6,0.0,2.365247964859009,3.3565354347229004,2.4973556995391846,2.4973556995391846,0.41337600521866336,0.5,/home/atorsaev/projects/tecniacustica-prospect/outputs/method_a/full/liquid_rock_impact_a0.9_b0.6_g0.0_anchor0.wav
A,liquid_rock_impact,9c95dfbea5d2,0.9,0.6,0.5,3.763110876083374,2.3033287525177,3.9083495140075684,3.9083495140075684,0.6203162160752985,0.5,/home/atorsaev/projects/tecniacustica-prospect/outputs/method_a/full/liquid_rock_impact_a0.9_b0.6_g0.5_anchor0.wav
A,liquid_rock_impact,9c95dfbea5d2,0.9,0.6,1.0,5.125975608825684,1.805280327796936,5.277620792388916,5.277620792388916,0.7395449908294489,0.5,/home/atorsaev/projects/tecniacustica-prospect/outputs/method_a/full/liquid_rock_impact_a0.9_b0.6_g1.0_anchor0.wav
A,liquid_rock_impact,9c95dfbea5d2,0.9,0.9,0.0,2.365247964859009,3.3565354347229004,2.4973556995391846,2.4973556995391846,0.41337600521866336,0.5,/home/atorsaev/projects/tecniacustica-prospect/outputs/method_a/full/liquid_rock_impact_a0.9_b0.9_g0.0_anchor0.wav
A,liquid_rock_impact,9c95dfbea5d2,0.9,0.9,0.5,3.763110876083374,2.3033287525177,3.9083495140075684,3.9083495140075684,0.6203162160752985,0.5,/home/atorsaev/projects/tecniacustica-prospect/outputs/method_a/full/liquid_rock_impact_a0.9_b0.9_g0.5_anchor0.wav
A,liquid_rock_impact,9c95dfbea5d2,0.9,0.9,1.0,5.125975608825684,1.805280327796936,5.277620792388916,5.277620792388916,0.7395449908294489,0.5,/home/atorsaev/projects/tecniacustica-prospect/outputs/method_a/full/liquid_rock_impact_a0.9_b0.9_g1.0_anchor0.wav
baseline_sum,liquid_rock_impact,9fb049ed22d9,nan,nan,nan,24.30854034423828,20.54859733581543,24.388469696044922,24.388469696044922,0.5419101975939377,0.5,/home/atorsaev/projects/tecniacustica-prospect/outputs/baseline_sum/full/liquid_rock_impact_anchor1.wav
baseline_interp,liquid_rock_impact,9fb049ed22d9,nan,nan,nan,0.9153547286987305,6.114508152008057,0.7577027082443237,0.7577027082443237,0.13020947123743765,0.5,/home/atorsaev/projects/tecniacustica-prospect/outputs/baseline_interp/full/liquid_rock_impact_anchor1.wav
A,liquid_rock_impact,9fb049ed22d9,0.3,0.3,0.0,0.6396688222885132,5.830224990844727,0.4792369604110718,0.4792369604110718,0.0988685194324489,0.5,/home/atorsaev/projects/tecniacustica-prospect/outputs/method_a/full/liquid_rock_impact_a0.3_b0.3_g0.0_anchor1.wav
A,liquid_rock_impact,9fb049ed22d9,0.3,0.3,0.5,0.4502638280391693,5.393855094909668,0.36645951867103577,0.36645951867103577,0.07704563064143272,0.5,/home/atorsaev/projects/tecniacustica-prospect/outputs/method_a/full/liquid_rock_impact_a0.3_b0.3_g0.5_anchor1.wav
A,liquid_rock_impact,9fb049ed22d9,0.3,0.3,1.0,1.7450772523880005,3.890024185180664,1.8621516227722168,1.8621516227722168,0.3096798294426544,0.5,/home/atorsaev/projects/tecniacustica-prospect/outputs/method_a/full/liquid_rock_impact_a0.3_b0.3_g1.0_anchor1.wav
A,liquid_rock_impact,9fb049ed22d9,0.3,0.6,0.0,0.6396688222885132,5.830224990844727,0.4792369604110718,0.4792369604110718,0.0988685194324489,0.5,/home/atorsaev/projects/tecniacustica-prospect/outputs/method_a/full/liquid_rock_impact_a0.3_b0.6_g0.0_anchor1.wav
A,liquid_rock_impact,9fb049ed22d9,0.3,0.6,0.5,0.4502638280391693,5.393855094909668,0.36645951867103577,0.36645951867103577,0.07704563064143272,0.5,/home/atorsaev/projects/tecniacustica-prospect/outputs/method_a/full/liquid_rock_impact_a0.3_b0.6_g0.5_anchor1.wav
A,liquid_rock_impact,9fb049ed22d9,0.3,0.6,1.0,1.7450772523880005,3.890024185180664,1.8621516227722168,1.8621516227722168,0.3096798294426544,0.5,/home/atorsaev/projects/tecniacustica-prospect/outputs/method_a/full/liquid_rock_impact_a0.3_b0.6_g1.0_anchor1.wav
A,liquid_rock_impact,9fb049ed22d9,0.3,0.9,0.0,0.6396688222885132,5.830224990844727,0.4792369604110718,0.4792369604110718,0.0988685194324489,0.5,/home/atorsaev/projects/tecniacustica-prospect/outputs/method_a/full/liquid_rock_impact_a0.3_b0.9_g0.0_anchor1.wav
A,liquid_rock_impact,9fb049ed22d9,0.3,0.9,0.5,0.4502638280391693,5.393855094909668,0.36645951867103577,0.36645951867103577,0.07704563064143272,0.5,/home/atorsaev/projects/tecniacustica-prospect/outputs/method_a/full/liquid_rock_impact_a0.3_b0.9_g0.5_anchor1.wav
A,liquid_rock_impact,9fb049ed22d9,0.3,0.9,1.0,1.7450772523880005,3.890024185180664,1.8621516227722168,1.8621516227722168,0.3096798294426544,0.5,/home/atorsaev/projects/tecniacustica-prospect/outputs/method_a/full/liquid_rock_impact_a0.3_b0.9_g1.0_anchor1.wav
A,liquid_rock_impact,9fb049ed22d9,0.6,0.3,0.0,0.45725664496421814,5.322864532470703,0.40123629570007324,0.40123629570007324,0.07910848766807846,0.5,/home/atorsaev/projects/tecniacustica-prospect/outputs/method_a/full/liquid_rock_impact_a0.6_b0.3_g0.0_anchor1.wav
A,liquid_rock_impact,9fb049ed22d9,0.6,0.3,0.5,2.1683290004730225,3.5098941326141357,2.2976531982421875,2.2976531982421875,0.38186752251003375,0.5,/home/atorsaev/projects/tecniacustica-prospect/outputs/method_a/full/liquid_rock_impact_a0.6_b0.3_g0.5_anchor1.wav
A,liquid_rock_impact,9fb049ed22d9,0.6,0.3,1.0,3.6183125972747803,2.3765244483947754,3.7630317211151123,3.7630317211151123,0.6035714680993608,0.5,/home/atorsaev/projects/tecniacustica-prospect/outputs/method_a/full/liquid_rock_impact_a0.6_b0.3_g1.0_anchor1.wav
A,liquid_rock_impact,9fb049ed22d9,0.6,0.6,0.0,0.45725664496421814,5.322864532470703,0.40123629570007324,0.40123629570007324,0.07910848766807846,0.5,/home/atorsaev/projects/tecniacustica-prospect/outputs/method_a/full/liquid_rock_impact_a0.6_b0.6_g0.0_anchor1.wav
A,liquid_rock_impact,9fb049ed22d9,0.6,0.6,0.5,2.1683290004730225,3.5098941326141357,2.2976531982421875,2.2976531982421875,0.38186752251003375,0.5,/home/atorsaev/projects/tecniacustica-prospect/outputs/method_a/full/liquid_rock_impact_a0.6_b0.6_g0.5_anchor1.wav
A,liquid_rock_impact,9fb049ed22d9,0.6,0.6,1.0,3.6183125972747803,2.3765244483947754,3.7630317211151123,3.7630317211151123,0.6035714680993608,0.5,/home/atorsaev/projects/tecniacustica-prospect/outputs/method_a/full/liquid_rock_impact_a0.6_b0.6_g1.0_anchor1.wav
A,liquid_rock_impact,9fb049ed22d9,0.6,0.9,0.0,0.45725664496421814,5.322864532470703,0.40123629570007324,0.40123629570007324,0.07910848766807846,0.5,/home/atorsaev/projects/tecniacustica-prospect/outputs/method_a/full/liquid_rock_impact_a0.6_b0.9_g0.0_anchor1.wav
A,liquid_rock_impact,9fb049ed22d9,0.6,0.9,0.5,2.1683290004730225,3.5098941326141357,2.2976531982421875,2.2976531982421875,0.38186752251003375,0.5,/home/atorsaev/projects/tecniacustica-prospect/outputs/method_a/full/liquid_rock_impact_a0.6_b0.9_g0.5_anchor1.wav
A,liquid_rock_impact,9fb049ed22d9,0.6,0.9,1.0,3.6183125972747803,2.3765244483947754,3.7630317211151123,3.7630317211151123,0.6035714680993608,0.5,/home/atorsaev/projects/tecniacustica-prospect/outputs/method_a/full/liquid_rock_impact_a0.6_b0.9_g1.0_anchor1.wav
A,liquid_rock_impact,9fb049ed22d9,0.9,0.3,0.0,2.4470229148864746,3.2626893520355225,2.5820963382720947,2.5820963382720947,0.4285720190550072,0.5,/home/atorsaev/projects/tecniacustica-prospect/outputs/method_a/full/liquid_rock_impact_a0.9_b0.3_g0.0_anchor1.wav
A,liquid_rock_impact,9fb049ed22d9,0.9,0.3,0.5,3.795595407485962,2.250474452972412,3.9421026706695557,3.9421026706695557,0.6277789530156744,0.5,/home/atorsaev/projects/tecniacustica-prospect/outputs/method_a/full/liquid_rock_impact_a0.9_b0.3_g0.5_anchor1.wav
A,liquid_rock_impact,9fb049ed22d9,0.9,0.3,1.0,5.122348308563232,1.7737574577331543,5.274872779846191,5.274872779846191,0.7427885362279537,0.5,/home/atorsaev/projects/tecniacustica-prospect/outputs/method_a/full/liquid_rock_impact_a0.9_b0.3_g1.0_anchor1.wav
A,liquid_rock_impact,9fb049ed22d9,0.9,0.6,0.0,2.4470229148864746,3.2626893520355225,2.5820963382720947,2.5820963382720947,0.4285720190550072,0.5,/home/atorsaev/projects/tecniacustica-prospect/outputs/method_a/full/liquid_rock_impact_a0.9_b0.6_g0.0_anchor1.wav
A,liquid_rock_impact,9fb049ed22d9,0.9,0.6,0.5,3.795595407485962,2.250474452972412,3.9421026706695557,3.9421026706695557,0.6277789530156744,0.5,/home/atorsaev/projects/tecniacustica-prospect/outputs/method_a/full/liquid_rock_impact_a0.9_b0.6_g0.5_anchor1.wav
A,liquid_rock_impact,9fb049ed22d9,0.9,0.6,1.0,5.122348308563232,1.7737574577331543,5.274872779846191,5.274872779846191,0.7427885362279537,0.5,/home/atorsaev/projects/tecniacustica-prospect/outputs/method_a/full/liquid_rock_impact_a0.9_b0.6_g1.0_anchor1.wav
A,liquid_rock_impact,9fb049ed22d9,0.9,0.9,0.0,2.4470229148864746,3.2626893520355225,2.5820963382720947,2.5820963382720947,0.4285720190550072,0.5,/home/atorsaev/projects/tecniacustica-prospect/outputs/method_a/full/liquid_rock_impact_a0.9_b0.9_g0.0_anchor1.wav
A,liquid_rock_impact,9fb049ed22d9,0.9,0.9,0.5,3.795595407485962,2.250474452972412,3.9421026706695557,3.9421026706695557,0.6277789530156744,0.5,/home/atorsaev/projects/tecniacustica-prospect/outputs/method_a/full/liquid_rock_impact_a0.9_b0.9_g0.5_anchor1.wav
A,liquid_rock_impact,9fb049ed22d9,0.9,0.9,1.0,5.122348308563232,1.7737574577331543,5.274872779846191,5.274872779846191,0.7427885362279537,0.5,/home/atorsaev/projects/tecniacustica-prospect/outputs/method_a/full/liquid_rock_impact_a0.9_b0.9_g1.0_anchor1.wav
baseline_sum,wet_gravel_scrape,23510f4f2a43,nan,nan,nan,24.536930084228516,19.536666870117188,23.862775802612305,23.862775802612305,0.5567262891905269,0.5,/home/atorsaev/projects/tecniacustica-prospect/outputs/baseline_sum/full/wet_gravel_scrape_anchor0.wav
baseline_interp,wet_gravel_scrape,23510f4f2a43,nan,nan,nan,0.4988657236099243,7.125194549560547,0.8436045050621033,0.8436045050621033,0.06543307708361512,0.5,/home/atorsaev/projects/tecniacustica-prospect/outputs/baseline_interp/full/wet_gravel_scrape_anchor0.wav
A,wet_gravel_scrape,23510f4f2a43,0.3,0.3,0.0,0.8955469727516174,6.579792022705078,0.4795532822608948,0.4795532822608948,0.11980018206212534,0.5,/home/atorsaev/projects/tecniacustica-prospect/outputs/method_a/full/wet_gravel_scrape_a0.3_b0.3_g0.0_anchor0.wav
A,wet_gravel_scrape,23510f4f2a43,0.3,0.3,0.5,5.802613735198975,2.5855610370635986,4.942200183868408,4.942200183868408,0.6917611866761394,0.5,/home/atorsaev/projects/tecniacustica-prospect/outputs/method_a/full/wet_gravel_scrape_a0.3_b0.3_g0.5_anchor0.wav
A,wet_gravel_scrape,23510f4f2a43,0.3,0.3,1.0,10.508581161499023,3.8821310997009277,9.627792358398438,9.627792358398438,0.7302335680146901,0.5,/home/atorsaev/projects/tecniacustica-prospect/outputs/method_a/full/wet_gravel_scrape_a0.3_b0.3_g1.0_anchor0.wav
A,wet_gravel_scrape,23510f4f2a43,0.3,0.6,0.0,0.8955469727516174,6.579792022705078,0.4795532822608948,0.4795532822608948,0.11980018206212534,0.5,/home/atorsaev/projects/tecniacustica-prospect/outputs/method_a/full/wet_gravel_scrape_a0.3_b0.6_g0.0_anchor0.wav
A,wet_gravel_scrape,23510f4f2a43,0.3,0.6,0.5,5.802613735198975,2.5855610370635986,4.942200183868408,4.942200183868408,0.6917611866761394,0.5,/home/atorsaev/projects/tecniacustica-prospect/outputs/method_a/full/wet_gravel_scrape_a0.3_b0.6_g0.5_anchor0.wav
A,wet_gravel_scrape,23510f4f2a43,0.3,0.6,1.0,10.508581161499023,3.8821310997009277,9.627792358398438,9.627792358398438,0.7302335680146901,0.5,/home/atorsaev/projects/tecniacustica-prospect/outputs/method_a/full/wet_gravel_scrape_a0.3_b0.6_g1.0_anchor0.wav
A,wet_gravel_scrape,23510f4f2a43,0.3,0.9,0.0,0.8955469727516174,6.579792022705078,0.4795532822608948,0.4795532822608948,0.11980018206212534,0.5,/home/atorsaev/projects/tecniacustica-prospect/outputs/method_a/full/wet_gravel_scrape_a0.3_b0.9_g0.0_anchor0.wav
A,wet_gravel_scrape,23510f4f2a43,0.3,0.9,0.5,5.802613735198975,2.5855610370635986,4.942200183868408,4.942200183868408,0.6917611866761394,0.5,/home/atorsaev/projects/tecniacustica-prospect/outputs/method_a/full/wet_gravel_scrape_a0.3_b0.9_g0.5_anchor0.wav
A,wet_gravel_scrape,23510f4f2a43,0.3,0.9,1.0,10.508581161499023,3.8821310997009277,9.627792358398438,9.627792358398438,0.7302335680146901,0.5,/home/atorsaev/projects/tecniacustica-prospect/outputs/method_a/full/wet_gravel_scrape_a0.3_b0.9_g1.0_anchor0.wav
A,wet_gravel_scrape,23510f4f2a43,0.6,0.3,0.0,3.36582088470459,4.351921081542969,2.5338757038116455,2.5338757038116455,0.4361147209881351,0.5,/home/atorsaev/projects/tecniacustica-prospect/outputs/method_a/full/wet_gravel_scrape_a0.6_b0.3_g0.0_anchor0.wav
A,wet_gravel_scrape,23510f4f2a43,0.6,0.3,0.5,8.071735382080078,2.181760787963867,7.195880889892578,7.195880889892578,0.7872178667091915,0.5,/home/atorsaev/projects/tecniacustica-prospect/outputs/method_a/full/wet_gravel_scrape_a0.6_b0.3_g0.5_anchor0.wav
A,wet_gravel_scrape,23510f4f2a43,0.6,0.3,1.0,12.724320411682129,5.831817150115967,11.838427543640137,11.838427543640137,0.6857203105236852,0.5,/home/atorsaev/projects/tecniacustica-prospect/outputs/method_a/full/wet_gravel_scrape_a0.6_b0.3_g1.0_anchor0.wav
A,wet_gravel_scrape,23510f4f2a43,0.6,0.6,0.0,3.36582088470459,4.351921081542969,2.5338757038116455,2.5338757038116455,0.4361147209881351,0.5,/home/atorsaev/projects/tecniacustica-prospect/outputs/method_a/full/wet_gravel_scrape_a0.6_b0.6_g0.0_anchor0.wav
A,wet_gravel_scrape,23510f4f2a43,0.6,0.6,0.5,8.071735382080078,2.181760787963867,7.195880889892578,7.195880889892578,0.7872178667091915,0.5,/home/atorsaev/projects/tecniacustica-prospect/outputs/method_a/full/wet_gravel_scrape_a0.6_b0.6_g0.5_anchor0.wav
A,wet_gravel_scrape,23510f4f2a43,0.6,0.6,1.0,12.724320411682129,5.831817150115967,11.838427543640137,11.838427543640137,0.6857203105236852,0.5,/home/atorsaev/projects/tecniacustica-prospect/outputs/method_a/full/wet_gravel_scrape_a0.6_b0.6_g1.0_anchor0.wav
A,wet_gravel_scrape,23510f4f2a43,0.6,0.9,0.0,3.36582088470459,4.351921081542969,2.5338757038116455,2.5338757038116455,0.4361147209881351,0.5,/home/atorsaev/projects/tecniacustica-prospect/outputs/method_a/full/wet_gravel_scrape_a0.6_b0.9_g0.0_anchor0.wav
A,wet_gravel_scrape,23510f4f2a43,0.6,0.9,0.5,8.071735382080078,2.181760787963867,7.195880889892578,7.195880889892578,0.7872178667091915,0.5,/home/atorsaev/projects/tecniacustica-prospect/outputs/method_a/full/wet_gravel_scrape_a0.6_b0.9_g0.5_anchor0.wav
A,wet_gravel_scrape,23510f4f2a43,0.6,0.9,1.0,12.724320411682129,5.831817150115967,11.838427543640137,11.838427543640137,0.6857203105236852,0.5,/home/atorsaev/projects/tecniacustica-prospect/outputs/method_a/full/wet_gravel_scrape_a0.6_b0.9_g1.0_anchor0.wav
A,wet_gravel_scrape,23510f4f2a43,0.9,0.3,0.0,5.7236127853393555,2.5199081897735596,4.860028266906738,4.860028266906738,0.694316518624087,0.5,/home/atorsaev/projects/tecniacustica-prospect/outputs/method_a/full/wet_gravel_scrape_a0.9_b0.3_g0.0_anchor0.wav
A,wet_gravel_scrape,23510f4f2a43,0.9,0.3,0.5,10.464532852172852,3.7678134441375732,9.581674575805664,9.581674575805664,0.7352640691542476,0.5,/home/atorsaev/projects/tecniacustica-prospect/outputs/method_a/full/wet_gravel_scrape_a0.9_b0.3_g0.5_anchor0.wav
A,wet_gravel_scrape,23510f4f2a43,0.9,0.3,1.0,14.890191078186035,7.859666347503662,14.000351905822754,14.000351905822754,0.6545179953838809,0.5,/home/atorsaev/projects/tecniacustica-prospect/outputs/method_a/full/wet_gravel_scrape_a0.9_b0.3_g1.0_anchor0.wav
A,wet_gravel_scrape,23510f4f2a43,0.9,0.6,0.0,5.7236127853393555,2.5199081897735596,4.860028266906738,4.860028266906738,0.694316518624087,0.5,/home/atorsaev/projects/tecniacustica-prospect/outputs/method_a/full/wet_gravel_scrape_a0.9_b0.6_g0.0_anchor0.wav
A,wet_gravel_scrape,23510f4f2a43,0.9,0.6,0.5,10.464532852172852,3.7678134441375732,9.581674575805664,9.581674575805664,0.7352640691542476,0.5,/home/atorsaev/projects/tecniacustica-prospect/outputs/method_a/full/wet_gravel_scrape_a0.9_b0.6_g0.5_anchor0.wav
A,wet_gravel_scrape,23510f4f2a43,0.9,0.6,1.0,14.890191078186035,7.859666347503662,14.000351905822754,14.000351905822754,0.6545179953838809,0.5,/home/atorsaev/projects/tecniacustica-prospect/outputs/method_a/full/wet_gravel_scrape_a0.9_b0.6_g1.0_anchor0.wav
A,wet_gravel_scrape,23510f4f2a43,0.9,0.9,0.0,5.7236127853393555,2.5199081897735596,4.860028266906738,4.860028266906738,0.694316518624087,0.5,/home/atorsaev/projects/tecniacustica-prospect/outputs/method_a/full/wet_gravel_scrape_a0.9_b0.9_g0.0_anchor0.wav
A,wet_gravel_scrape,23510f4f2a43,0.9,0.9,0.5,10.464532852172852,3.7678134441375732,9.581674575805664,9.581674575805664,0.7352640691542476,0.5,/home/atorsaev/projects/tecniacustica-prospect/outputs/method_a/full/wet_gravel_scrape_a0.9_b0.9_g0.5_anchor0.wav
A,wet_gravel_scrape,23510f4f2a43,0.9,0.9,1.0,14.890191078186035,7.859666347503662,14.000351905822754,14.000351905822754,0.6545179953838809,0.5,/home/atorsaev/projects/tecniacustica-prospect/outputs/method_a/full/wet_gravel_scrape_a0.9_b0.9_g1.0_anchor0.wav
baseline_sum,wet_gravel_scrape,72e40b413bdb,nan,nan,nan,24.10462760925293,19.106416702270508,23.429258346557617,23.429258346557617,0.5578348774659658,0.5,/home/atorsaev/projects/tecniacustica-prospect/outputs/baseline_sum/full/wet_gravel_scrape_anchor1.wav
baseline_interp,wet_gravel_scrape,72e40b413bdb,nan,nan,nan,0.3676721453666687,7.3373517990112305,0.9985623955726624,0.9985623955726624,0.04771849483832278,0.5,/home/atorsaev/projects/tecniacustica-prospect/outputs/baseline_interp/full/wet_gravel_scrape_anchor1.wav
A,wet_gravel_scrape,72e40b413bdb,0.3,0.3,0.0,0.7040384411811829,6.77118444442749,0.5369200110435486,0.5369200110435486,0.09418293632988754,0.5,/home/atorsaev/projects/tecniacustica-prospect/outputs/method_a/full/wet_gravel_scrape_a0.3_b0.3_g0.0_anchor1.wav
A,wet_gravel_scrape,72e40b413bdb,0.3,0.3,0.5,5.598987102508545,2.7181217670440674,4.741333484649658,4.741333484649658,0.6731891080964691,0.5,/home/atorsaev/projects/tecniacustica-prospect/outputs/method_a/full/wet_gravel_scrape_a0.3_b0.3_g0.5_anchor1.wav
A,wet_gravel_scrape,72e40b413bdb,0.3,0.3,1.0,10.394454956054688,3.7633473873138428,9.512470245361328,9.512470245361328,0.7341856245216781,0.5,/home/atorsaev/projects/tecniacustica-prospect/outputs/method_a/full/wet_gravel_scrape_a0.3_b0.3_g1.0_anchor1.wav
A,wet_gravel_scrape,72e40b413bdb,0.3,0.6,0.0,0.7040384411811829,6.77118444442749,0.5369200110435486,0.5369200110435486,0.09418293632988754,0.5,/home/atorsaev/projects/tecniacustica-prospect/outputs/method_a/full/wet_gravel_scrape_a0.3_b0.6_g0.0_anchor1.wav
A,wet_gravel_scrape,72e40b413bdb,0.3,0.6,0.5,5.598987102508545,2.7181217670440674,4.741333484649658,4.741333484649658,0.6731891080964691,0.5,/home/atorsaev/projects/tecniacustica-prospect/outputs/method_a/full/wet_gravel_scrape_a0.3_b0.6_g0.5_anchor1.wav
A,wet_gravel_scrape,72e40b413bdb,0.3,0.6,1.0,10.394454956054688,3.7633473873138428,9.512470245361328,9.512470245361328,0.7341856245216781,0.5,/home/atorsaev/projects/tecniacustica-prospect/outputs/method_a/full/wet_gravel_scrape_a0.3_b0.6_g1.0_anchor1.wav
A,wet_gravel_scrape,72e40b413bdb,0.3,0.9,0.0,0.7040384411811829,6.77118444442749,0.5369200110435486,0.5369200110435486,0.09418293632988754,0.5,/home/atorsaev/projects/tecniacustica-prospect/outputs/method_a/full/wet_gravel_scrape_a0.3_b0.9_g0.0_anchor1.wav
A,wet_gravel_scrape,72e40b413bdb,0.3,0.9,0.5,5.598987102508545,2.7181217670440674,4.741333484649658,4.741333484649658,0.6731891080964691,0.5,/home/atorsaev/projects/tecniacustica-prospect/outputs/method_a/full/wet_gravel_scrape_a0.3_b0.9_g0.5_anchor1.wav
A,wet_gravel_scrape,72e40b413bdb,0.3,0.9,1.0,10.394454956054688,3.7633473873138428,9.512470245361328,9.512470245361328,0.7341856245216781,0.5,/home/atorsaev/projects/tecniacustica-prospect/outputs/method_a/full/wet_gravel_scrape_a0.3_b0.9_g1.0_anchor1.wav
A,wet_gravel_scrape,72e40b413bdb,0.6,0.3,0.0,3.20127010345459,4.500797271728516,2.376476287841797,2.376476287841797,0.41563776932850405,0.5,/home/atorsaev/projects/tecniacustica-prospect/outputs/method_a/full/wet_gravel_scrape_a0.6_b0.3_g0.0_anchor1.wav
A,wet_gravel_scrape,72e40b413bdb,0.6,0.3,0.5,7.91162633895874,2.1174747943878174,7.036041259765625,7.036041259765625,0.7888669416109362,0.5,/home/atorsaev/projects/tecniacustica-prospect/outputs/method_a/full/wet_gravel_scrape_a0.6_b0.3_g0.5_anchor1.wav
A,wet_gravel_scrape,72e40b413bdb,0.6,0.3,1.0,12.601433753967285,5.687431335449219,11.71453857421875,11.71453857421875,0.6890221832611432,0.5,/home/atorsaev/projects/tecniacustica-prospect/outputs/method_a/full/wet_gravel_scrape_a0.6_b0.3_g1.0_anchor1.wav
A,wet_gravel_scrape,72e40b413bdb,0.6,0.6,0.0,3.20127010345459,4.500797271728516,2.376476287841797,2.376476287841797,0.41563776932850405,0.5,/home/atorsaev/projects/tecniacustica-prospect/outputs/method_a/full/wet_gravel_scrape_a0.6_b0.6_g0.0_anchor1.wav
A,wet_gravel_scrape,72e40b413bdb,0.6,0.6,0.5,7.91162633895874,2.1174747943878174,7.036041259765625,7.036041259765625,0.7888669416109362,0.5,/home/atorsaev/projects/tecniacustica-prospect/outputs/method_a/full/wet_gravel_scrape_a0.6_b0.6_g0.5_anchor1.wav
A,wet_gravel_scrape,72e40b413bdb,0.6,0.6,1.0,12.601433753967285,5.687431335449219,11.71453857421875,11.71453857421875,0.6890221832611432,0.5,/home/atorsaev/projects/tecniacustica-prospect/outputs/method_a/full/wet_gravel_scrape_a0.6_b0.6_g1.0_anchor1.wav
A,wet_gravel_scrape,72e40b413bdb,0.6,0.9,0.0,3.20127010345459,4.500797271728516,2.376476287841797,2.376476287841797,0.41563776932850405,0.5,/home/atorsaev/projects/tecniacustica-prospect/outputs/method_a/full/wet_gravel_scrape_a0.6_b0.9_g0.0_anchor1.wav
A,wet_gravel_scrape,72e40b413bdb,0.6,0.9,0.5,7.91162633895874,2.1174747943878174,7.036041259765625,7.036041259765625,0.7888669416109362,0.5,/home/atorsaev/projects/tecniacustica-prospect/outputs/method_a/full/wet_gravel_scrape_a0.6_b0.9_g0.5_anchor1.wav
A,wet_gravel_scrape,72e40b413bdb,0.6,0.9,1.0,12.601433753967285,5.687431335449219,11.71453857421875,11.71453857421875,0.6890221832611432,0.5,/home/atorsaev/projects/tecniacustica-prospect/outputs/method_a/full/wet_gravel_scrape_a0.6_b0.9_g1.0_anchor1.wav
A,wet_gravel_scrape,72e40b413bdb,0.9,0.3,0.0,5.526968955993652,2.6666336059570312,4.666847229003906,4.666847229003906,0.6745468691616985,0.5,/home/atorsaev/projects/tecniacustica-prospect/outputs/method_a/full/wet_gravel_scrape_a0.9_b0.3_g0.0_anchor1.wav
A,wet_gravel_scrape,72e40b413bdb,0.9,0.3,0.5,10.357827186584473,3.659055709838867,9.474112510681152,9.474112510681152,0.7389536791014003,0.5,/home/atorsaev/projects/tecniacustica-prospect/outputs/method_a/full/wet_gravel_scrape_a0.9_b0.3_g0.5_anchor1.wav
A,wet_gravel_scrape,72e40b413bdb,0.9,0.3,1.0,14.75192642211914,7.699262619018555,13.861144065856934,13.861144065856934,0.6570665987637389,0.5,/home/atorsaev/projects/tecniacustica-prospect/outputs/method_a/full/wet_gravel_scrape_a0.9_b0.3_g1.0_anchor1.wav
A,wet_gravel_scrape,72e40b413bdb,0.9,0.6,0.0,5.526968955993652,2.6666336059570312,4.666847229003906,4.666847229003906,0.6745468691616985,0.5,/home/atorsaev/projects/tecniacustica-prospect/outputs/method_a/full/wet_gravel_scrape_a0.9_b0.6_g0.0_anchor1.wav
A,wet_gravel_scrape,72e40b413bdb,0.9,0.6,0.5,10.357827186584473,3.659055709838867,9.474112510681152,9.474112510681152,0.7389536791014003,0.5,/home/atorsaev/projects/tecniacustica-prospect/outputs/method_a/full/wet_gravel_scrape_a0.9_b0.6_g0.5_anchor1.wav
A,wet_gravel_scrape,72e40b413bdb,0.9,0.6,1.0,14.75192642211914,7.699262619018555,13.861144065856934,13.861144065856934,0.6570665987637389,0.5,/home/atorsaev/projects/tecniacustica-prospect/outputs/method_a/full/wet_gravel_scrape_a0.9_b0.6_g1.0_anchor1.wav
A,wet_gravel_scrape,72e40b413bdb,0.9,0.9,0.0,5.526968955993652,2.6666336059570312,4.666847229003906,4.666847229003906,0.6745468691616985,0.5,/home/atorsaev/projects/tecniacustica-prospect/outputs/method_a/full/wet_gravel_scrape_a0.9_b0.9_g0.0_anchor1.wav
A,wet_gravel_scrape,72e40b413bdb,0.9,0.9,0.5,10.357827186584473,3.659055709838867,9.474112510681152,9.474112510681152,0.7389536791014003,0.5,/home/atorsaev/projects/tecniacustica-prospect/outputs/method_a/full/wet_gravel_scrape_a0.9_b0.9_g0.5_anchor1.wav
A,wet_gravel_scrape,72e40b413bdb,0.9,0.9,1.0,14.75192642211914,7.699262619018555,13.861144065856934,13.861144065856934,0.6570665987637389,0.5,/home/atorsaev/projects/tecniacustica-prospect/outputs/method_a/full/wet_gravel_scrape_a0.9_b0.9_g1.0_anchor1.wav
