pareja,env_parent,fine_parent,n_bands,method,color_mix,region,region_lo_hz,region_hi_hz,corr_con_a,corr_con_b
trueno_hecho_de_agua,trueno,goteo,6,chimera_plana,,graves,40.0,500.0,0.940425,0.006396
trueno_hecho_de_agua,trueno,goteo,6,chimera_plana,,medios,500.0,1500.0,0.500215,0.360513
trueno_hecho_de_agua,trueno,goteo,6,chimera_plana,,agudos,1500.0,20000.0,0.26565,0.241363
trueno_hecho_de_agua,trueno,goteo,6,chimera,0.0,graves,40.0,500.0,0.940558,0.006409
trueno_hecho_de_agua,trueno,goteo,6,chimera,0.0,medios,500.0,1500.0,0.500486,0.360262
trueno_hecho_de_agua,trueno,goteo,6,chimera,0.0,agudos,1500.0,20000.0,0.264539,0.240543
trueno_hecho_de_agua,trueno,goteo,6,chimera,0.25,graves,40.0,500.0,0.929966,-0.000734
trueno_hecho_de_agua,trueno,goteo,6,chimera,0.25,medios,500.0,1500.0,0.514334,0.400196
trueno_hecho_de_agua,trueno,goteo,6,chimera,0.25,agudos,1500.0,20000.0,0.237112,0.271849
trueno_hecho_de_agua,trueno,goteo,6,chimera,0.5,graves,40.0,500.0,0.902109,0.01601
trueno_hecho_de_agua,trueno,goteo,6,chimera,0.5,medios,500.0,1500.0,0.507718,0.423147
trueno_hecho_de_agua,trueno,goteo,6,chimera,0.5,agudos,1500.0,20000.0,0.199331,0.294137
trueno_hecho_de_agua,trueno,goteo,6,chimera,0.75,graves,40.0,500.0,0.835495,0.039705
trueno_hecho_de_agua,trueno,goteo,6,chimera,0.75,medios,500.0,1500.0,0.494807,0.437395
trueno_hecho_de_agua,trueno,goteo,6,chimera,0.75,agudos,1500.0,20000.0,0.175864,0.311496
trueno_hecho_de_agua,trueno,goteo,6,chimera,1.0,graves,40.0,500.0,0.746239,0.049619
trueno_hecho_de_agua,trueno,goteo,6,chimera,1.0,medios,500.0,1500.0,0.494885,0.454211
trueno_hecho_de_agua,trueno,goteo,6,chimera,1.0,agudos,1500.0,20000.0,0.175871,0.310143
fuego_hecho_de_vidrio,fuego,vidrio,16,chimera_plana,,graves,40.0,500.0,0.283041,0.26467
fuego_hecho_de_vidrio,fuego,vidrio,16,chimera_plana,,medios,500.0,1500.0,0.424905,0.313014
fuego_hecho_de_vidrio,fuego,vidrio,16,chimera_plana,,agudos,1500.0,20000.0,0.633574,0.253628
fuego_hecho_de_vidrio,fuego,vidrio,16,chimera,0.0,graves,40.0,500.0,0.266083,0.245528
fuego_hecho_de_vidrio,fuego,vidrio,16,chimera,0.0,medios,500.0,1500.0,0.435118,0.282126
fuego_hecho_de_vidrio,fuego,vidrio,16,chimera,0.0,agudos,1500.0,20000.0,0.630727,0.234531
fuego_hecho_de_vidrio,fuego,vidrio,16,chimera,0.25,graves,40.0,500.0,0.245639,0.209412
fuego_hecho_de_vidrio,fuego,vidrio,16,chimera,0.25,medios,500.0,1500.0,0.441386,0.256308
fuego_hecho_de_vidrio,fuego,vidrio,16,chimera,0.25,agudos,1500.0,20000.0,0.634124,0.228391
fuego_hecho_de_vidrio,fuego,vidrio,16,chimera,0.5,graves,40.0,500.0,0.20696,0.202704
fuego_hecho_de_vidrio,fuego,vidrio,16,chimera,0.5,medios,500.0,1500.0,0.441647,0.245454
fuego_hecho_de_vidrio,fuego,vidrio,16,chimera,0.5,agudos,1500.0,20000.0,0.633042,0.219827
fuego_hecho_de_vidrio,fuego,vidrio,16,chimera,0.75,graves,40.0,500.0,0.159862,0.188635
fuego_hecho_de_vidrio,fuego,vidrio,16,chimera,0.75,medios,500.0,1500.0,0.439361,0.243874
fuego_hecho_de_vidrio,fuego,vidrio,16,chimera,0.75,agudos,1500.0,20000.0,0.629292,0.21006
fuego_hecho_de_vidrio,fuego,vidrio,16,chimera,1.0,graves,40.0,500.0,0.119194,0.165096
fuego_hecho_de_vidrio,fuego,vidrio,16,chimera,1.0,medios,500.0,1500.0,0.435203,0.246388
fuego_hecho_de_vidrio,fuego,vidrio,16,chimera,1.0,agudos,1500.0,20000.0,0.624375,0.200265
canica_hecha_de_fuego,canica,fuego,16,chimera_plana,,graves,40.0,500.0,0.786854,0.023951
canica_hecha_de_fuego,canica,fuego,16,chimera_plana,,medios,500.0,1500.0,0.91298,0.026585
canica_hecha_de_fuego,canica,fuego,16,chimera_plana,,agudos,1500.0,20000.0,0.930187,-0.001892
canica_hecha_de_fuego,canica,fuego,16,chimera,0.0,graves,40.0,500.0,0.835811,0.008427
canica_hecha_de_fuego,canica,fuego,16,chimera,0.0,medios,500.0,1500.0,0.912766,0.028045
canica_hecha_de_fuego,canica,fuego,16,chimera,0.0,agudos,1500.0,20000.0,0.818461,-0.008015
canica_hecha_de_fuego,canica,fuego,16,chimera,0.25,graves,40.0,500.0,0.84104,0.011299
canica_hecha_de_fuego,canica,fuego,16,chimera,0.25,medios,500.0,1500.0,0.911936,0.02323
canica_hecha_de_fuego,canica,fuego,16,chimera,0.25,agudos,1500.0,20000.0,0.730537,0.005804
canica_hecha_de_fuego,canica,fuego,16,chimera,0.5,graves,40.0,500.0,0.84249,0.016728
canica_hecha_de_fuego,canica,fuego,16,chimera,0.5,medios,500.0,1500.0,0.909056,0.018112
canica_hecha_de_fuego,canica,fuego,16,chimera,0.5,agudos,1500.0,20000.0,0.650166,0.020941
canica_hecha_de_fuego,canica,fuego,16,chimera,0.75,graves,40.0,500.0,0.833576,0.025586
canica_hecha_de_fuego,canica,fuego,16,chimera,0.75,medios,500.0,1500.0,0.903908,0.01254
canica_hecha_de_fuego,canica,fuego,16,chimera,0.75,agudos,1500.0,20000.0,0.590024,0.032237
canica_hecha_de_fuego,canica,fuego,16,chimera,1.0,graves,40.0,500.0,0.804721,0.038558
canica_hecha_de_fuego,canica,fuego,16,chimera,1.0,medios,500.0,1500.0,0.896099,0.0074
canica_hecha_de_fuego,canica,fuego,16,chimera,1.0,agudos,1500.0,20000.0,0.548265,0.039537
trueno_hecho_de_canica,trueno,canica,6,chimera_plana,,graves,40.0,500.0,0.953072,0.096816
trueno_hecho_de_canica,trueno,canica,6,chimera_plana,,medios,500.0,1500.0,0.839351,0.153154
trueno_hecho_de_canica,trueno,canica,6,chimera_plana,,agudos,1500.0,20000.0,0.198216,0.078391
trueno_hecho_de_canica,trueno,canica,6,chimera,0.0,graves,40.0,500.0,0.953075,0.096675
trueno_hecho_de_canica,trueno,canica,6,chimera,0.0,medios,500.0,1500.0,0.839483,0.15321
trueno_hecho_de_canica,trueno,canica,6,chimera,0.0,agudos,1500.0,20000.0,0.193557,0.079027
trueno_hecho_de_canica,trueno,canica,6,chimera,0.25,graves,40.0,500.0,0.952486,0.094129
trueno_hecho_de_canica,trueno,canica,6,chimera,0.25,medios,500.0,1500.0,0.844282,0.151541
trueno_hecho_de_canica,trueno,canica,6,chimera,0.25,agudos,1500.0,20000.0,0.234401,0.079581
trueno_hecho_de_canica,trueno,canica,6,chimera,0.5,graves,40.0,500.0,0.949751,0.092052
trueno_hecho_de_canica,trueno,canica,6,chimera,0.5,medios,500.0,1500.0,0.838766,0.14933
trueno_hecho_de_canica,trueno,canica,6,chimera,0.5,agudos,1500.0,20000.0,0.388391,0.094804
trueno_hecho_de_canica,trueno,canica,6,chimera,0.75,graves,40.0,500.0,0.921141,0.089533
trueno_hecho_de_canica,trueno,canica,6,chimera,0.75,medios,500.0,1500.0,0.837807,0.14642
trueno_hecho_de_canica,trueno,canica,6,chimera,0.75,agudos,1500.0,20000.0,0.646839,0.108839
trueno_hecho_de_canica,trueno,canica,6,chimera,1.0,graves,40.0,500.0,0.43255,0.056625
trueno_hecho_de_canica,trueno,canica,6,chimera,1.0,medios,500.0,1500.0,0.837846,0.147222
trueno_hecho_de_canica,trueno,canica,6,chimera,1.0,agudos,1500.0,20000.0,0.649197,0.102587
oceano_hecho_de_campana,oceano,campana_tela,16,chimera_plana,,graves,40.0,500.0,0.813778,0.017143
oceano_hecho_de_campana,oceano,campana_tela,16,chimera_plana,,medios,500.0,1500.0,0.87699,-0.070764
oceano_hecho_de_campana,oceano,campana_tela,16,chimera_plana,,agudos,1500.0,20000.0,0.980031,-0.066135
oceano_hecho_de_campana,oceano,campana_tela,16,chimera,0.0,graves,40.0,500.0,0.833167,0.005783
oceano_hecho_de_campana,oceano,campana_tela,16,chimera,0.0,medios,500.0,1500.0,0.870287,-0.071589
oceano_hecho_de_campana,oceano,campana_tela,16,chimera,0.0,agudos,1500.0,20000.0,0.984558,-0.067165
oceano_hecho_de_campana,oceano,campana_tela,16,chimera,0.25,graves,40.0,500.0,0.832287,-0.001735
oceano_hecho_de_campana,oceano,campana_tela,16,chimera,0.25,medios,500.0,1500.0,0.897641,-0.062997
oceano_hecho_de_campana,oceano,campana_tela,16,chimera,0.25,agudos,1500.0,20000.0,0.986608,-0.06878
oceano_hecho_de_campana,oceano,campana_tela,16,chimera,0.5,graves,40.0,500.0,0.833551,-0.009691
oceano_hecho_de_campana,oceano,campana_tela,16,chimera,0.5,medios,500.0,1500.0,0.9193,-0.054541
oceano_hecho_de_campana,oceano,campana_tela,16,chimera,0.5,agudos,1500.0,20000.0,0.986369,-0.070744
oceano_hecho_de_campana,oceano,campana_tela,16,chimera,0.75,graves,40.0,500.0,0.813426,-0.018804
oceano_hecho_de_campana,oceano,campana_tela,16,chimera,0.75,medios,500.0,1500.0,0.929615,-0.047802
oceano_hecho_de_campana,oceano,campana_tela,16,chimera,0.75,agudos,1500.0,20000.0,0.982039,-0.07209
oceano_hecho_de_campana,oceano,campana_tela,16,chimera,1.0,graves,40.0,500.0,0.760728,-0.026304
oceano_hecho_de_campana,oceano,campana_tela,16,chimera,1.0,medios,500.0,1500.0,0.931421,-0.043398
oceano_hecho_de_campana,oceano,campana_tela,16,chimera,1.0,agudos,1500.0,20000.0,0.974665,-0.072649
goteo_hecho_de_campana,goteo,campana_tela,6,chimera_plana,,graves,40.0,500.0,0.654737,0.200716
goteo_hecho_de_campana,goteo,campana_tela,6,chimera_plana,,medios,500.0,1500.0,0.871275,0.09531
goteo_hecho_de_campana,goteo,campana_tela,6,chimera_plana,,agudos,1500.0,20000.0,0.571003,0.091835
goteo_hecho_de_campana,goteo,campana_tela,6,chimera,0.0,graves,40.0,500.0,0.659594,0.187099
goteo_hecho_de_campana,goteo,campana_tela,6,chimera,0.0,medios,500.0,1500.0,0.865657,0.096125
goteo_hecho_de_campana,goteo,campana_tela,6,chimera,0.0,agudos,1500.0,20000.0,0.652003,0.081115
goteo_hecho_de_campana,goteo,campana_tela,6,chimera,0.25,graves,40.0,500.0,0.696936,0.18236
goteo_hecho_de_campana,goteo,campana_tela,6,chimera,0.25,medios,500.0,1500.0,0.86415,0.088665
goteo_hecho_de_campana,goteo,campana_tela,6,chimera,0.25,agudos,1500.0,20000.0,0.713577,0.124928
goteo_hecho_de_campana,goteo,campana_tela,6,chimera,0.5,graves,40.0,500.0,0.730759,0.170746
goteo_hecho_de_campana,goteo,campana_tela,6,chimera,0.5,medios,500.0,1500.0,0.852559,0.080504
goteo_hecho_de_campana,goteo,campana_tela,6,chimera,0.5,agudos,1500.0,20000.0,0.751121,0.155399
goteo_hecho_de_campana,goteo,campana_tela,6,chimera,0.75,graves,40.0,500.0,0.73367,0.158321
goteo_hecho_de_campana,goteo,campana_tela,6,chimera,0.75,medios,500.0,1500.0,0.832761,0.074632
goteo_hecho_de_campana,goteo,campana_tela,6,chimera,0.75,agudos,1500.0,20000.0,0.771172,0.170175
goteo_hecho_de_campana,goteo,campana_tela,6,chimera,1.0,graves,40.0,500.0,0.714175,0.147259
goteo_hecho_de_campana,goteo,campana_tela,6,chimera,1.0,medios,500.0,1500.0,0.811771,0.071637
goteo_hecho_de_campana,goteo,campana_tela,6,chimera,1.0,agudos,1500.0,20000.0,0.784938,0.175775
