pareja,grupo,etapa,descriptor,notas,env_parent,fine_parent,method,n_bands,align,warp,color_mix,a_floor_db,stats_finish,duration_s,seed,mci,sso,dop,bri,fci,register_target_hz,register_achieved_hz,register_error_hz,register_before_move_hz,register_clamped,moved_parent,align_noop,warp_method,n_anchors,n_onsets_matched,n_onsets_total,warp_max_rate_dev,parametros_inertes,n_bandas_huerfanas_a,crest_db,rms_grave_db,rms_aguda_db,exportado,rank_export,wav_path,factor_rms_aplicado,metodo_igualacion,pico_recortado,rms_final_db_vs_objetivo,rank_etapa1_ref,render_s
trueno_hecho_de_agua,chimera_grid,1,align-off__nb2__mix0.00__warp-off,,trueno,goteo,chimera,2,False,False,0.0,-40.0,False,6.0,42,0.377278,0.369222,0.866667,0.0,-0.052497,,,,,False,,False,,,,,,,1,18.984878,-21.297347,-37.492406,,,,,,,,,2.143616
trueno_hecho_de_agua,chimera_grid,1,align-off__nb2__mix0.00__warp-on,,trueno,goteo,chimera,2,False,True,0.0,-40.0,False,6.0,42,0.399822,0.369222,1.0,0.0,-0.080098,,,,,False,,False,reschedule_drips,19,19,19,,,1,19.243751,-21.597862,-36.470458,,,,,,,,,2.905391
trueno_hecho_de_agua,chimera_grid,1,align-off__nb2__mix0.25__warp-off,,trueno,goteo,chimera,2,False,False,0.25,-40.0,False,6.0,42,0.377418,0.369222,0.857143,0.0,-0.049563,,,,,False,,False,,,,,,,1,18.985586,-21.298997,-37.488062,,,,,,,,,0.960028
trueno_hecho_de_agua,chimera_grid,1,align-off__nb2__mix0.25__warp-on,,trueno,goteo,chimera,2,False,True,0.25,-40.0,False,6.0,42,0.399407,0.369222,1.0,0.0,-0.080326,,,,,False,,False,reschedule_drips,19,19,19,,,1,19.242053,-21.596768,-36.463946,,,,,,,,,2.924074
trueno_hecho_de_agua,chimera_grid,1,align-off__nb2__mix0.50__warp-off,,trueno,goteo,chimera,2,False,False,0.5,-40.0,False,6.0,42,0.37807,0.369222,0.857143,0.0,-0.049204,,,,,False,,False,,,,,,,1,18.988693,-21.306366,-37.468065,,,,,,,,,0.943447
trueno_hecho_de_agua,chimera_grid,1,align-off__nb2__mix0.50__warp-on,,trueno,goteo,chimera,2,False,True,0.5,-40.0,False,6.0,42,0.397437,0.369222,1.0,0.0,-0.08141,,,,,False,,False,reschedule_drips,19,19,19,,,1,19.234199,-21.591636,-36.43209,,,,,,,,,2.879719
trueno_hecho_de_agua,chimera_grid,1,align-off__nb2__mix0.75__warp-off,,trueno,goteo,chimera,2,False,False,0.75,-40.0,False,6.0,42,0.381289,0.369222,0.857143,0.0,-0.047434,,,,,False,,False,,,,,,,1,19.001444,-21.339215,-37.367518,,,,,,,,,0.957366
trueno_hecho_de_agua,chimera_grid,1,align-off__nb2__mix0.75__warp-on,,trueno,goteo,chimera,2,False,True,0.75,-40.0,False,6.0,42,0.388625,0.369222,1.0,0.0,-0.086256,,,,,False,,False,reschedule_drips,19,19,19,,,1,19.195776,-21.565157,-36.243133,True,muestra4,escucha_AB/fusion_v12/trueno_hecho_de_agua/muestra4__align-off__nb2__mix0.75__warp-on.wav,0.383818,linear,False,0.0,,2.895743
trueno_hecho_de_agua,chimera_grid,1,align-off__nb2__mix1.00__warp-off,,trueno,goteo,chimera,2,False,False,1.0,-40.0,False,6.0,42,0.397343,0.369222,0.857143,0.0,-0.038604,,,,,False,,False,,,,,,,1,19.036333,-21.484221,-36.736729,,,,,,,,,0.939853
trueno_hecho_de_agua,chimera_grid,1,align-off__nb2__mix1.00__warp-on,,trueno,goteo,chimera,2,False,True,1.0,-40.0,False,6.0,42,0.369406,0.369222,1.0,0.0,-0.096827,,,,,False,,False,reschedule_drips,19,19,19,,,1,19.34157,-21.755309,-35.091722,True,muestra5,escucha_AB/fusion_v12/trueno_hecho_de_agua/muestra5__align-off__nb2__mix1.00__warp-on.wav,0.390315,linear,False,0.0,,2.872633
trueno_hecho_de_agua,chimera_grid,1,align-off__nb4__mix0.00__warp-off,,trueno,goteo,chimera,4,False,False,0.0,-40.0,False,6.0,42,0.215135,0.369222,1.0,0.0,-0.181676,,,,,False,,False,,,,,,,2,18.777202,-19.956051,-45.372925,,,,,,,,,1.157009
trueno_hecho_de_agua,chimera_grid,1,align-off__nb4__mix0.00__warp-on,,trueno,goteo,chimera,4,False,True,0.0,-40.0,False,6.0,42,0.28265,0.369222,0.888889,0.0,-0.111209,,,,,False,,False,reschedule_drips,19,19,19,,,2,18.900669,-20.020396,-45.348912,,,,,,,,,4.079085
trueno_hecho_de_agua,chimera_grid,1,align-off__nb4__mix0.25__warp-off,,trueno,goteo,chimera,4,False,False,0.25,-40.0,False,6.0,42,0.128316,0.369222,1.0,0.0,-0.229426,,,,,False,,False,,,,,,,2,19.217788,-20.743811,-43.511547,,,,,,,,,1.166962
trueno_hecho_de_agua,chimera_grid,1,align-off__nb4__mix0.25__warp-on,,trueno,goteo,chimera,4,False,True,0.25,-40.0,False,6.0,42,0.190285,0.369222,0.875,0.0,-0.157843,,,,,False,,False,reschedule_drips,19,19,19,,,2,18.925073,-20.406931,-43.064104,,,,,,,,,4.067934
trueno_hecho_de_agua,chimera_grid,1,align-off__nb4__mix0.50__warp-off,,trueno,goteo,chimera,4,False,False,0.5,-40.0,False,6.0,42,0.108082,0.369222,1.0,0.0,-0.240555,,,,,False,,False,,,,,,,2,18.925435,-20.71404,-42.072151,,,,,,,,,1.155646
trueno_hecho_de_agua,chimera_grid,1,align-off__nb4__mix0.50__warp-on,,trueno,goteo,chimera,4,False,True,0.5,-40.0,False,6.0,42,0.141897,0.369222,0.866667,0.0,-0.181957,,,,,False,,False,reschedule_drips,19,19,19,,,2,18.701441,-20.458632,-41.666181,,,,,,,,,4.083066
trueno_hecho_de_agua,chimera_grid,1,align-off__nb4__mix0.75__warp-off,,trueno,goteo,chimera,4,False,False,0.75,-40.0,False,6.0,42,0.101292,0.369222,1.0,0.0,-0.244289,,,,,False,,False,,,,,,,2,18.452889,-20.356563,-41.115963,,,,,,,,,1.146084
trueno_hecho_de_agua,chimera_grid,1,align-off__nb4__mix0.75__warp-on,,trueno,goteo,chimera,4,False,True,0.75,-40.0,False,6.0,42,0.111616,0.369222,1.0,0.0,-0.238611,,,,,False,,False,reschedule_drips,19,19,19,,,2,18.206036,-20.0815,-40.292145,,,,,,,,,3.18938
trueno_hecho_de_agua,chimera_grid,1,align-off__nb4__mix1.00__warp-off,,trueno,goteo,chimera,4,False,False,1.0,-40.0,False,6.0,42,0.108007,0.369222,1.0,0.0,-0.240596,,,,,False,,False,,,,,,,2,18.405235,-20.402062,-40.068926,,,,,,,,,1.127553
trueno_hecho_de_agua,chimera_grid,1,align-off__nb4__mix1.00__warp-on,,trueno,goteo,chimera,4,False,True,1.0,-40.0,False,6.0,42,0.077792,0.369222,0.75,0.0,-0.182215,,,,,False,,False,reschedule_drips,19,19,19,,,2,26.512018,-28.511293,-44.146337,,,,,,,,,4.068676
trueno_hecho_de_agua,chimera_grid,1,align-off__nb6__mix0.00__warp-off,,trueno,goteo,chimera,6,False,False,0.0,-40.0,False,6.0,42,0.088526,0.369222,0.857143,0.0,-0.208454,,,,,False,,False,,,,,,,3,18.525437,-19.431649,-47.97298,,,,,,,,,2.256841
trueno_hecho_de_agua,chimera_grid,1,align-off__nb6__mix0.00__warp-on,,trueno,goteo,chimera,6,False,True,0.0,-40.0,False,6.0,42,0.175461,0.369222,0.888889,0.0,-0.170163,,,,,False,,False,reschedule_drips,19,19,19,,,3,19.155569,-19.959334,-50.627,,,,,,,,,3.71296
trueno_hecho_de_agua,chimera_grid,1,align-off__nb6__mix0.25__warp-off,,trueno,goteo,chimera,6,False,False,0.25,-40.0,False,6.0,42,0.110512,0.369222,0.777778,0.0,-0.172552,,,,,False,,False,,,,,,,3,18.624047,-19.692994,-46.473165,,,,,,,,,1.40082
trueno_hecho_de_agua,chimera_grid,1,align-off__nb6__mix0.25__warp-on,,trueno,goteo,chimera,6,False,True,0.25,-40.0,False,6.0,42,0.186515,0.369222,0.846154,0.0,-0.151263,,,,,False,,False,reschedule_drips,19,19,19,,,3,19.933813,-20.92079,-48.904591,,,,,,,,,4.569487
trueno_hecho_de_agua,chimera_grid,1,align-off__nb6__mix0.50__warp-off,,trueno,goteo,chimera,6,False,False,0.5,-40.0,False,6.0,42,0.122962,0.369222,0.625,0.0,-0.119871,,,,,False,,False,,,,,,,3,19.358114,-20.835439,-45.507603,,,,,,,,,1.373036
trueno_hecho_de_agua,chimera_grid,1,align-off__nb6__mix0.50__warp-on,,trueno,goteo,chimera,6,False,True,0.5,-40.0,False,6.0,42,0.202734,0.369222,1.0,0.0,-0.188496,,,,,False,,False,reschedule_drips,19,19,19,,,3,20.34004,-21.794705,-46.45156,,,,,,,,,4.570217
trueno_hecho_de_agua,chimera_grid,1,align-off__nb6__mix0.75__warp-off,,trueno,goteo,chimera,6,False,False,0.75,-40.0,False,6.0,42,0.12389,0.369222,1.0,0.0,-0.23186,,,,,False,,False,,,,,,,3,19.202957,-21.257665,-44.001139,,,,,,,,,1.370871
trueno_hecho_de_agua,chimera_grid,1,align-off__nb6__mix0.75__warp-on,,trueno,goteo,chimera,6,False,True,0.75,-40.0,False,6.0,42,0.182144,0.369222,0.833333,0.0,-0.149821,,,,,False,,False,reschedule_drips,19,19,19,,,3,19.902153,-22.016331,-42.931146,,,,,,,,,4.578714
trueno_hecho_de_agua,chimera_grid,1,align-off__nb6__mix1.00__warp-off,,trueno,goteo,chimera,6,False,False,1.0,-40.0,False,6.0,42,0.128386,0.369222,1.0,0.0,-0.229388,,,,,False,,False,,,,,,,3,19.240986,-21.709457,-42.50711,,,,,,,,,1.364537
trueno_hecho_de_agua,chimera_grid,1,align-off__nb6__mix1.00__warp-on,,trueno,goteo,chimera,6,False,True,1.0,-40.0,False,6.0,42,0.120864,0.369222,0.6,0.0,-0.113525,,,,,False,,False,reschedule_drips,19,19,19,,,3,25.768744,-28.283708,-42.627895,,,,,,,,,4.568767
trueno_hecho_de_agua,chimera_grid,1,align-off__nb8__mix0.00__warp-off,,trueno,goteo,chimera,8,False,False,0.0,-40.0,False,6.0,42,0.136495,0.369222,0.875,0.0,-0.187428,,,,,False,,False,,,,,,,4,18.361203,-19.292478,-52.931551,,,,,,,,,1.58812
trueno_hecho_de_agua,chimera_grid,1,align-off__nb8__mix0.00__warp-on,,trueno,goteo,chimera,8,False,True,0.0,-40.0,False,6.0,42,0.288962,0.369222,0.933333,0.0,-0.121071,,,,,False,,False,reschedule_drips,19,19,19,,,4,20.247138,-21.109332,-54.877778,True,muestra6,escucha_AB/fusion_v12/trueno_hecho_de_agua/muestra6__align-off__nb8__mix0.00__warp-on.wav,0.433205,linear,False,0.0,,5.4105
trueno_hecho_de_agua,chimera_grid,1,align-off__nb8__mix0.25__warp-off,,trueno,goteo,chimera,8,False,False,0.25,-40.0,False,6.0,42,0.105277,0.369222,0.875,0.0,-0.204598,,,,,False,,False,,,,,,,4,18.219634,-19.299933,-51.35416,,,,,,,,,1.597173
trueno_hecho_de_agua,chimera_grid,1,align-off__nb8__mix0.25__warp-on,,trueno,goteo,chimera,8,False,True,0.25,-40.0,False,6.0,42,0.213034,0.369222,0.794872,0.0,-0.121293,,,,,False,,False,reschedule_drips,19,19,19,,,4,19.872119,-20.860812,-52.910923,,,,,,,,,5.423063
trueno_hecho_de_agua,chimera_grid,1,align-off__nb8__mix0.50__warp-off,,trueno,goteo,chimera,8,False,False,0.5,-40.0,False,6.0,42,0.119401,0.369222,0.869565,0.0,-0.195199,,,,,False,,False,,,,,,,4,18.375545,-19.764406,-49.349444,,,,,,,,,1.586046
trueno_hecho_de_agua,chimera_grid,1,align-off__nb8__mix0.50__warp-on,,trueno,goteo,chimera,8,False,True,0.5,-40.0,False,6.0,42,0.169633,0.369222,0.777778,0.0,-0.140035,,,,,False,,False,reschedule_drips,19,19,19,,,4,19.229931,-20.533142,-48.942003,,,,,,,,,5.412139
trueno_hecho_de_agua,chimera_grid,1,align-off__nb8__mix0.75__warp-off,,trueno,goteo,chimera,8,False,False,0.75,-40.0,False,6.0,42,0.170011,0.369222,0.897436,0.0,-0.175725,,,,,False,,False,,,,,,,4,18.357791,-20.69616,-46.221039,,,,,,,,,1.579355
trueno_hecho_de_agua,chimera_grid,1,align-off__nb8__mix0.75__warp-on,,trueno,goteo,chimera,8,False,True,0.75,-40.0,False,6.0,42,0.063615,0.369222,0.8,0.0,-0.205012,,,,,False,,False,reschedule_drips,19,19,19,,,4,21.718922,-24.049083,-45.698161,,,,,,,,,4.565755
trueno_hecho_de_agua,chimera_grid,1,align-off__nb8__mix1.00__warp-off,,trueno,goteo,chimera,8,False,False,1.0,-40.0,False,6.0,42,0.176549,0.369222,0.853659,0.0,-0.158996,,,,,False,,False,,,,,,,4,19.754374,-23.864387,-44.176491,,,,,,,,,1.573816
trueno_hecho_de_agua,chimera_grid,1,align-off__nb8__mix1.00__warp-on,,trueno,goteo,chimera,8,False,True,1.0,-40.0,False,6.0,42,0.277726,0.369222,0.333333,0.0,0.052749,,,,,False,,False,reschedule_drips,19,19,19,,,4,32.317278,-35.62028,-48.70606,,,,,,,,,4.601039
trueno_hecho_de_agua,chimera_grid,1,align-off__nb12__mix0.00__warp-off,,trueno,goteo,chimera,12,False,False,0.0,-40.0,False,6.0,42,0.169222,0.369222,1.0,0.0,-0.206928,,,,,False,,False,,,,,,,7,17.911693,-18.708457,-49.149059,,,,,,,,,2.1426
trueno_hecho_de_agua,chimera_grid,1,align-off__nb12__mix0.00__warp-on,,trueno,goteo,chimera,12,False,True,0.0,-40.0,False,6.0,42,0.319721,0.369222,0.888889,0.0,-0.09082,,,,,False,,False,reschedule_drips,19,19,19,,,7,21.041002,-21.783889,-53.847495,,,,,,,,,6.940626
trueno_hecho_de_agua,chimera_grid,1,align-off__nb12__mix0.25__warp-off,,trueno,goteo,chimera,12,False,False,0.25,-40.0,False,6.0,42,0.159438,0.369222,0.916667,0.0,-0.187309,,,,,False,,False,,,,,,,7,17.404923,-18.335494,-48.580945,,,,,,,,,2.027714
trueno_hecho_de_agua,chimera_grid,1,align-off__nb12__mix0.25__warp-on,,trueno,goteo,chimera,12,False,True,0.25,-40.0,False,6.0,42,0.254039,0.369222,0.923077,0.0,-0.137202,,,,,False,,False,reschedule_drips,19,19,19,,,7,21.082628,-21.977914,-52.998699,,,,,,,,,6.919609
trueno_hecho_de_agua,chimera_grid,1,align-off__nb12__mix0.50__warp-off,,trueno,goteo,chimera,12,False,False,0.5,-40.0,False,6.0,42,0.169749,0.369222,1.0,0.0,-0.206638,,,,,False,,False,,,,,,,7,17.604822,-18.857582,-48.609298,,,,,,,,,2.024187
trueno_hecho_de_agua,chimera_grid,1,align-off__nb12__mix0.50__warp-on,,trueno,goteo,chimera,12,False,True,0.5,-40.0,False,6.0,42,0.114599,0.369222,0.777778,0.0,-0.170304,,,,,False,,False,reschedule_drips,19,19,19,,,7,21.132057,-22.33545,-51.815719,,,,,,,,,6.038819
trueno_hecho_de_agua,chimera_grid,1,align-off__nb12__mix0.75__warp-off,,trueno,goteo,chimera,12,False,False,0.75,-40.0,False,6.0,42,0.148886,0.369222,0.777778,0.0,-0.151446,,,,,False,,False,,,,,,,7,19.815264,-22.344368,-48.996734,,,,,,,,,2.020546
trueno_hecho_de_agua,chimera_grid,1,align-off__nb12__mix0.75__warp-on,,trueno,goteo,chimera,12,False,True,0.75,-40.0,False,6.0,42,0.354792,0.369222,0.333333,0.0,0.095135,,,,,False,,False,reschedule_drips,19,19,19,,,7,27.94264,-29.868379,-54.353298,,,,,,,,,6.047204
trueno_hecho_de_agua,chimera_grid,1,align-off__nb12__mix1.00__warp-off,,trueno,goteo,chimera,12,False,False,1.0,-40.0,False,6.0,42,0.091262,0.369222,0.724138,0.0,-0.167047,,,,,False,,False,,,,,,,7,26.478394,-32.654382,-52.830423,,,,,,,,,2.025716
trueno_hecho_de_agua,chimera_grid,1,align-off__nb12__mix1.00__warp-on,,trueno,goteo,chimera,12,False,True,1.0,-40.0,False,6.0,42,0.797034,0.369222,0.333333,0.0,0.338369,,,,,False,,False,reschedule_drips,19,19,19,,,7,35.370894,-37.307159,-55.594489,,,,,,,,,6.046998
trueno_hecho_de_agua,chimera_grid,1,align-off__nb16__mix0.00__warp-off,,trueno,goteo,chimera,16,False,False,0.0,-40.0,False,6.0,42,0.276126,0.369222,1.0,0.0,-0.148131,,,,,False,,False,,,,,,,9,19.721764,-20.516888,-51.814506,,,,,,,,,2.456841
trueno_hecho_de_agua,chimera_grid,1,align-off__nb16__mix0.00__warp-on,,trueno,goteo,chimera,16,False,True,0.0,-40.0,False,6.0,42,0.356142,0.369222,0.875,0.0,-0.066622,,,,,False,,False,reschedule_drips,19,19,19,,,9,21.86998,-22.600657,-55.585358,,,,,,,,,7.184859
trueno_hecho_de_agua,chimera_grid,1,align-off__nb16__mix0.25__warp-off,,trueno,goteo,chimera,16,False,False,0.25,-40.0,False,6.0,42,0.28544,0.369222,1.0,0.0,-0.143008,,,,,False,,False,,,,,,,9,19.641266,-20.636674,-51.240819,,,,,,,,,2.613329
trueno_hecho_de_agua,chimera_grid,1,align-off__nb16__mix0.25__warp-on,,trueno,goteo,chimera,16,False,True,0.25,-40.0,False,6.0,42,0.295529,0.369222,1.0,0.0,-0.137459,,,,,False,,False,reschedule_drips,19,19,19,,,9,21.407263,-22.344559,-54.289405,,,,,,,,,8.074808
trueno_hecho_de_agua,chimera_grid,1,align-off__nb16__mix0.50__warp-off,,trueno,goteo,chimera,16,False,False,0.5,-40.0,False,6.0,42,0.293145,0.369222,0.882353,0.0,-0.103476,,,,,False,,False,,,,,,,9,19.820709,-21.180371,-51.120099,,,,,,,,,2.49692
trueno_hecho_de_agua,chimera_grid,1,align-off__nb16__mix0.50__warp-on,,trueno,goteo,chimera,16,False,True,0.5,-40.0,False,6.0,42,0.188851,0.369222,1.0,0.0,-0.196132,,,,,False,,False,reschedule_drips,19,19,19,,,9,20.636216,-22.012575,-50.961028,,,,,,,,,7.191376
trueno_hecho_de_agua,chimera_grid,1,align-off__nb16__mix0.75__warp-off,,trueno,goteo,chimera,16,False,False,0.75,-40.0,False,6.0,42,0.2779,0.369222,0.885714,0.0,-0.112869,,,,,False,,False,,,,,,,9,23.694313,-26.263963,-53.240476,,,,,,,,,2.471682
trueno_hecho_de_agua,chimera_grid,1,align-off__nb16__mix0.75__warp-on,,trueno,goteo,chimera,16,False,True,0.75,-40.0,False,6.0,42,0.075378,0.369222,0.5,0.0,-0.108542,,,,,False,,False,reschedule_drips,19,19,19,,,9,28.689022,-31.269518,-50.110685,,,,,,,,,8.060652
trueno_hecho_de_agua,chimera_grid,1,align-off__nb16__mix1.00__warp-off,,trueno,goteo,chimera,16,False,False,1.0,-40.0,False,6.0,42,0.179776,0.369222,0.636364,0.0,-0.092032,,,,,False,,False,,,,,,,9,30.238907,-37.021446,-56.64708,,,,,,,,,2.484374
trueno_hecho_de_agua,chimera_grid,1,align-off__nb16__mix1.00__warp-on,,trueno,goteo,chimera,16,False,True,1.0,-40.0,False,6.0,42,0.581348,0.369222,0.333333,0.0,0.219742,,,,,False,,False,reschedule_drips,19,19,19,,,9,36.64275,-38.703086,-51.053959,,,,,,,,,7.181989
trueno_hecho_de_agua,chimera_grid,1,align-off__nb24__mix0.00__warp-off,,trueno,goteo,chimera,24,False,False,0.0,-40.0,False,6.0,42,0.326922,0.369222,1.0,0.0,-0.120193,,,,,False,,False,,,,,,,14,22.021354,-22.672435,-58.201316,,,,,,,,,3.346261
trueno_hecho_de_agua,chimera_grid,1,align-off__nb24__mix0.00__warp-on,,trueno,goteo,chimera,24,False,True,0.0,-40.0,False,6.0,42,0.346432,0.369222,1.0,0.0,-0.109462,,,,,False,,False,reschedule_drips,19,19,19,,,14,22.997279,-23.621472,-58.819013,,,,,,,,,10.164206
trueno_hecho_de_agua,chimera_grid,1,align-off__nb24__mix0.25__warp-off,,trueno,goteo,chimera,24,False,False,0.25,-40.0,False,6.0,42,0.356538,0.369222,1.0,0.0,-0.103904,,,,,False,,False,,,,,,,14,22.501547,-23.335302,-58.499853,,,,,,,,,3.32673
trueno_hecho_de_agua,chimera_grid,1,align-off__nb24__mix0.25__warp-on,,trueno,goteo,chimera,24,False,True,0.25,-40.0,False,6.0,42,0.305956,0.369222,1.0,0.0,-0.131724,,,,,False,,False,reschedule_drips,19,19,19,,,14,22.675261,-23.453424,-58.097236,,,,,,,,,10.16278
trueno_hecho_de_agua,chimera_grid,1,align-off__nb24__mix0.50__warp-off,,trueno,goteo,chimera,24,False,False,0.5,-40.0,False,6.0,42,0.302109,0.369222,0.931034,0.0,-0.113151,,,,,False,,False,,,,,,,14,22.519555,-23.760813,-57.582182,,,,,,,,,3.309406
trueno_hecho_de_agua,chimera_grid,1,align-off__nb24__mix0.50__warp-on,,trueno,goteo,chimera,24,False,True,0.5,-40.0,False,6.0,42,0.176779,0.369222,1.0,0.0,-0.202771,,,,,False,,False,reschedule_drips,19,19,19,,,14,22.022802,-22.975803,-54.546008,,,,,,,,,10.177879
trueno_hecho_de_agua,chimera_grid,1,align-off__nb24__mix0.75__warp-off,,trueno,goteo,chimera,24,False,False,0.75,-40.0,False,6.0,42,0.072977,0.369222,1.0,0.0,-0.259863,,,,,False,,False,,,,,,,14,23.552374,-26.009309,-53.270495,,,,,,,,,3.305063
trueno_hecho_de_agua,chimera_grid,1,align-off__nb24__mix0.75__warp-on,,trueno,goteo,chimera,24,False,True,0.75,-40.0,False,6.0,42,0.824819,0.369222,0.333333,0.0,0.353651,,,,,False,,False,reschedule_drips,19,19,19,,,14,32.152033,-31.277145,-55.379352,,,,,,,,,10.150229
trueno_hecho_de_agua,chimera_grid,1,align-off__nb24__mix1.00__warp-off,,trueno,goteo,chimera,24,False,False,1.0,-40.0,False,6.0,42,0.106833,0.369222,0.6,0.0,-0.121242,,,,,False,,False,,,,,,,14,31.91133,-38.311811,-55.208397,,,,,,,,,3.267192
trueno_hecho_de_agua,chimera_grid,1,align-off__nb24__mix1.00__warp-on,,trueno,goteo,chimera,24,False,True,1.0,-40.0,False,6.0,42,0.976307,0.369222,0.333333,0.0,0.436969,,,,,False,,False,reschedule_drips,19,19,19,,,14,38.554473,-33.901353,-55.702318,,,,,,,,,9.270128
trueno_hecho_de_agua,chimera_grid,1,align-off__nb32__mix0.00__warp-off,,trueno,goteo,chimera,32,False,False,0.0,-40.0,False,6.0,42,0.257477,0.369222,1.0,0.0,-0.158388,,,,,False,,False,,,,,,,18,22.297836,-22.922863,-61.158108,,,,,,,,,4.162403
trueno_hecho_de_agua,chimera_grid,1,align-off__nb32__mix0.00__warp-on,,trueno,goteo,chimera,32,False,True,0.0,-40.0,False,6.0,42,0.404529,0.369222,1.0,0.0,-0.077509,,,,,False,,False,reschedule_drips,19,19,19,,,18,23.215209,-23.797552,-61.746979,,,,,,,,,11.642096
trueno_hecho_de_agua,chimera_grid,1,align-off__nb32__mix0.25__warp-off,,trueno,goteo,chimera,32,False,False,0.25,-40.0,False,6.0,42,0.250644,0.369222,1.0,0.0,-0.162146,,,,,False,,False,,,,,,,18,22.410536,-23.20439,-59.683415,,,,,,,,,4.1188
trueno_hecho_de_agua,chimera_grid,1,align-off__nb32__mix0.25__warp-on,,trueno,goteo,chimera,32,False,True,0.25,-40.0,False,6.0,42,0.363805,0.369222,1.0,0.0,-0.099907,,,,,False,,False,reschedule_drips,19,19,19,,,18,23.044048,-23.769962,-59.77436,,,,,,,,,12.54274
trueno_hecho_de_agua,chimera_grid,1,align-off__nb32__mix0.50__warp-off,,trueno,goteo,chimera,32,False,False,0.5,-40.0,False,6.0,42,0.179095,0.369222,1.0,0.0,-0.201498,,,,,False,,False,,,,,,,18,23.081572,-24.235237,-57.930145,,,,,,,,,4.128295
trueno_hecho_de_agua,chimera_grid,1,align-off__nb32__mix0.50__warp-on,,trueno,goteo,chimera,32,False,True,0.5,-40.0,False,6.0,42,0.26926,0.369222,1.0,0.0,-0.151907,,,,,False,,False,reschedule_drips,19,19,19,,,18,22.626765,-23.684406,-53.260745,,,,,,,,,11.676103
trueno_hecho_de_agua,chimera_grid,1,align-off__nb32__mix0.75__warp-off,,trueno,goteo,chimera,32,False,False,0.75,-40.0,False,6.0,42,0.073053,0.369222,1.0,0.0,-0.259821,,,,,False,,False,,,,,,,18,24.651207,-26.771255,-52.658109,,,,,,,,,4.118787
trueno_hecho_de_agua,chimera_grid,1,align-off__nb32__mix0.75__warp-on,,trueno,goteo,chimera,32,False,True,0.75,-40.0,False,6.0,42,0.244622,0.369222,1.0,0.0,-0.165458,,,,,False,,False,reschedule_drips,19,19,19,,,18,28.441251,-30.68099,-47.542193,,,,,,,,,12.530476
trueno_hecho_de_agua,chimera_grid,1,align-off__nb32__mix1.00__warp-off,,trueno,goteo,chimera,32,False,False,1.0,-40.0,False,6.0,42,0.45229,0.369222,0.333333,0.0,0.148759,,,,,False,,False,,,,,,,18,32.294076,-36.903621,-53.082751,,,,,,,,,4.15274
trueno_hecho_de_agua,chimera_grid,1,align-off__nb32__mix1.00__warp-on,,trueno,goteo,chimera,32,False,True,1.0,-40.0,False,6.0,42,0.91723,0.369222,0.0,0.0,0.504477,,,,,False,,False,reschedule_drips,19,19,19,,,18,36.159423,-41.007088,-48.172817,,,,,,,,,11.65832
trueno_hecho_de_agua,chimera_grid,1,align-on__nb2__mix0.00__warp-off,,trueno,goteo,chimera,2,True,False,0.0,-40.0,False,6.0,42,0.514269,0.743855,0.714286,0.0,0.068562,181.942783,196.712331,14.769547,682.86063,False,goteo,False,,,,,,,1,17.928086,-18.658096,-52.317779,True,muestra1,escucha_AB/fusion_v12/trueno_hecho_de_agua/muestra1__align-on__nb2__mix0.00__warp-off.wav,0.331696,linear,False,0.0,,4.754234
trueno_hecho_de_agua,chimera_grid,1,align-on__nb2__mix0.00__warp-on,,trueno,goteo,chimera,2,True,True,0.0,-40.0,False,6.0,42,0.514561,0.743855,1.0,0.0,-0.016992,181.942783,196.712331,14.769547,682.86063,False,goteo,False,reschedule_drips,19,19,19,,,1,18.866172,-19.684929,-47.737681,,,,,,,,,2.713365
trueno_hecho_de_agua,chimera_grid,1,align-on__nb2__mix0.25__warp-off,,trueno,goteo,chimera,2,True,False,0.25,-40.0,False,6.0,42,0.514249,0.743855,0.714286,0.0,0.068551,181.942783,196.712331,14.769547,682.86063,False,goteo,False,,,,,,,1,17.927997,-18.658015,-52.318326,,,,,,,,,1.789732
trueno_hecho_de_agua,chimera_grid,1,align-on__nb2__mix0.25__warp-on,,trueno,goteo,chimera,2,True,True,0.25,-40.0,False,6.0,42,0.514572,0.743855,1.0,0.0,-0.016985,181.942783,196.712331,14.769547,682.86063,False,goteo,False,reschedule_drips,19,19,19,,,1,18.865579,-19.684469,-47.737387,,,,,,,,,2.70932
trueno_hecho_de_agua,chimera_grid,1,align-on__nb2__mix0.50__warp-off,,trueno,goteo,chimera,2,True,False,0.5,-40.0,False,6.0,42,0.514079,0.743855,0.714286,0.0,0.068458,181.942783,196.712331,14.769547,682.86063,False,goteo,False,,,,,,,1,17.927682,-18.657741,-52.319338,,,,,,,,,1.801184
trueno_hecho_de_agua,chimera_grid,1,align-on__nb2__mix0.50__warp-on,,trueno,goteo,chimera,2,True,True,0.5,-40.0,False,6.0,42,0.514008,0.743855,1.0,0.0,-0.017295,181.942783,196.712331,14.769547,682.86063,False,goteo,False,reschedule_drips,19,19,19,,,1,18.863527,-19.682895,-47.730107,,,,,,,,,2.72546
trueno_hecho_de_agua,chimera_grid,1,align-on__nb2__mix0.75__warp-off,,trueno,goteo,chimera,2,True,False,0.75,-40.0,False,6.0,42,0.513001,0.743855,0.733333,0.0,0.062151,181.942783,196.712331,14.769547,682.86063,False,goteo,False,,,,,,,1,17.926421,-18.656762,-52.313794,,,,,,,,,1.79057
trueno_hecho_de_agua,chimera_grid,1,align-on__nb2__mix0.75__warp-on,,trueno,goteo,chimera,2,True,True,0.75,-40.0,False,6.0,42,0.509629,0.743855,1.0,0.0,-0.019704,181.942783,196.712331,14.769547,682.86063,False,goteo,False,reschedule_drips,19,19,19,,,1,18.856164,-19.677428,-47.633964,,,,,,,,,2.726166
trueno_hecho_de_agua,chimera_grid,1,align-on__nb2__mix1.00__warp-off,,trueno,goteo,chimera,2,True,False,1.0,-40.0,False,6.0,42,0.505274,0.743855,0.538462,0.0,0.116362,181.942783,196.712331,14.769547,682.86063,False,goteo,False,,,,,,,1,17.919868,-18.652779,-52.198339,,,,,,,,,1.791363
trueno_hecho_de_agua,chimera_grid,1,align-on__nb2__mix1.00__warp-on,,trueno,goteo,chimera,2,True,True,1.0,-40.0,False,6.0,42,0.481574,0.743855,1.0,0.0,-0.035135,181.942783,196.712331,14.769547,682.86063,False,goteo,False,reschedule_drips,19,19,19,,,1,18.82997,-19.660818,-46.621943,,,,,,,,,2.71421
trueno_hecho_de_agua,chimera_grid,1,align-on__nb4__mix0.00__warp-off,,trueno,goteo,chimera,4,True,False,0.0,-40.0,False,6.0,42,0.113269,0.743855,1.0,0.0,-0.237702,181.942783,196.712331,14.769547,682.86063,False,goteo,False,,,,,,,2,18.357497,-19.152001,-53.472816,,,,,,,,,2.01034
trueno_hecho_de_agua,chimera_grid,1,align-on__nb4__mix0.00__warp-on,,trueno,goteo,chimera,4,True,True,0.0,-40.0,False,6.0,42,0.089346,0.743855,0.846154,0.0,-0.204706,181.942783,196.712331,14.769547,682.86063,False,goteo,False,reschedule_drips,19,19,19,,,2,18.869125,-19.642249,-51.570597,,,,,,,,,2.817494
trueno_hecho_de_agua,chimera_grid,1,align-on__nb4__mix0.25__warp-off,,trueno,goteo,chimera,4,True,False,0.25,-40.0,False,6.0,42,0.100282,0.743855,1.0,0.0,-0.244845,181.942783,196.712331,14.769547,682.86063,False,goteo,False,,,,,,,2,18.508981,-19.272855,-54.723344,True,muestra2,escucha_AB/fusion_v12/trueno_hecho_de_agua/muestra2__align-on__nb4__mix0.25__warp-off.wav,0.354638,linear,False,0.0,,1.138343
trueno_hecho_de_agua,chimera_grid,1,align-on__nb4__mix0.25__warp-on,,trueno,goteo,chimera,4,True,True,0.25,-40.0,False,6.0,42,0.113693,0.743855,0.857143,0.0,-0.194612,181.942783,196.712331,14.769547,682.86063,False,goteo,False,reschedule_drips,19,19,19,,,2,18.686147,-19.421686,-52.360425,,,,,,,,,3.688517
trueno_hecho_de_agua,chimera_grid,1,align-on__nb4__mix0.50__warp-off,,trueno,goteo,chimera,4,True,False,0.5,-40.0,False,6.0,42,0.08777,0.743855,1.0,0.0,-0.251727,181.942783,196.712331,14.769547,682.86063,False,goteo,False,,,,,,,2,18.592838,-19.332056,-55.988077,,,,,,,,,2.003473
trueno_hecho_de_agua,chimera_grid,1,align-on__nb4__mix0.50__warp-on,,trueno,goteo,chimera,4,True,True,0.5,-40.0,False,6.0,42,0.139301,0.743855,0.866667,0.0,-0.183384,181.942783,196.712331,14.769547,682.86063,False,goteo,False,reschedule_drips,19,19,19,,,2,18.464769,-19.167824,-53.128657,,,,,,,,,3.707903
trueno_hecho_de_agua,chimera_grid,1,align-on__nb4__mix0.75__warp-off,,trueno,goteo,chimera,4,True,False,0.75,-40.0,False,6.0,42,0.092364,0.743855,1.0,0.0,-0.2492,181.942783,196.712331,14.769547,682.86063,False,goteo,False,,,,,,,2,18.623038,-19.343529,-57.200706,,,,,,,,,1.990068
trueno_hecho_de_agua,chimera_grid,1,align-on__nb4__mix0.75__warp-on,,trueno,goteo,chimera,4,True,True,0.75,-40.0,False,6.0,42,0.155304,0.743855,0.875,0.0,-0.177083,181.942783,196.712331,14.769547,682.86063,False,goteo,False,reschedule_drips,19,19,19,,,2,18.215379,-18.888754,-53.132826,,,,,,,,,3.701976
trueno_hecho_de_agua,chimera_grid,1,align-on__nb4__mix1.00__warp-off,,trueno,goteo,chimera,4,True,False,1.0,-40.0,False,6.0,42,0.125201,0.743855,1.0,0.0,-0.231139,181.942783,196.712331,14.769547,682.86063,False,goteo,False,,,,,,,2,18.614711,-19.323198,-57.59315,,,,,,,,,1.995741
trueno_hecho_de_agua,chimera_grid,1,align-on__nb4__mix1.00__warp-on,,trueno,goteo,chimera,4,True,True,1.0,-40.0,False,6.0,42,0.148281,0.743855,1.0,0.0,-0.218445,181.942783,196.712331,14.769547,682.86063,False,goteo,False,reschedule_drips,19,19,19,,,2,18.014397,-18.652141,-47.907467,,,,,,,,,3.684506
trueno_hecho_de_agua,chimera_grid,1,align-on__nb6__mix0.00__warp-off,,trueno,goteo,chimera,6,True,False,0.0,-40.0,False,6.0,42,0.104617,0.743855,1.0,0.0,-0.242461,181.942783,196.712331,14.769547,682.86063,False,goteo,False,,,,,,,3,18.420487,-19.024806,-54.419783,,,,,,,,,2.204765
trueno_hecho_de_agua,chimera_grid,1,align-on__nb6__mix0.00__warp-on,,trueno,goteo,chimera,6,True,True,0.0,-40.0,False,6.0,42,0.082695,0.743855,0.764706,0.0,-0.183929,181.942783,196.712331,14.769547,682.86063,False,goteo,False,reschedule_drips,19,19,19,,,3,18.790356,-19.42102,-55.733437,,,,,,,,,4.471823
trueno_hecho_de_agua,chimera_grid,1,align-on__nb6__mix0.25__warp-off,,trueno,goteo,chimera,6,True,False,0.25,-40.0,False,6.0,42,0.074231,0.743855,1.0,0.0,-0.259173,181.942783,196.712331,14.769547,682.86063,False,goteo,False,,,,,,,3,18.688399,-19.31154,-55.872733,,,,,,,,,2.280636
trueno_hecho_de_agua,chimera_grid,1,align-on__nb6__mix0.25__warp-on,,trueno,goteo,chimera,6,True,True,0.25,-40.0,False,6.0,42,0.089164,0.743855,0.75,0.0,-0.17596,181.942783,196.712331,14.769547,682.86063,False,goteo,False,reschedule_drips,19,19,19,,,3,18.636248,-19.277971,-55.781883,,,,,,,,,4.354762
trueno_hecho_de_agua,chimera_grid,1,align-on__nb6__mix0.50__warp-off,,trueno,goteo,chimera,6,True,False,0.5,-40.0,False,6.0,42,0.055561,0.743855,1.0,0.0,-0.269442,181.942783,196.712331,14.769547,682.86063,False,goteo,False,,,,,,,3,18.612463,-19.250165,-57.163125,True,muestra3,escucha_AB/fusion_v12/trueno_hecho_de_agua/muestra3__align-on__nb6__mix0.50__warp-off.wav,0.358888,linear,False,0.0,,2.213192
trueno_hecho_de_agua,chimera_grid,1,align-on__nb6__mix0.50__warp-on,,trueno,goteo,chimera,6,True,True,0.5,-40.0,False,6.0,42,0.120371,0.743855,0.888889,0.0,-0.200463,181.942783,196.712331,14.769547,682.86063,False,goteo,False,reschedule_drips,19,19,19,,,3,18.489785,-19.138632,-55.691512,,,,,,,,,4.351292
trueno_hecho_de_agua,chimera_grid,1,align-on__nb6__mix0.75__warp-off,,trueno,goteo,chimera,6,True,False,0.75,-40.0,False,6.0,42,0.090923,0.743855,1.0,0.0,-0.249993,181.942783,196.712331,14.769547,682.86063,False,goteo,False,,,,,,,3,18.344561,-18.989003,-58.083807,,,,,,,,,2.219115
trueno_hecho_de_agua,chimera_grid,1,align-on__nb6__mix0.75__warp-on,,trueno,goteo,chimera,6,True,True,0.75,-40.0,False,6.0,42,0.137553,0.743855,0.833333,0.0,-0.174346,181.942783,196.712331,14.769547,682.86063,False,goteo,False,reschedule_drips,19,19,19,,,3,18.145966,-18.800045,-53.8704,,,,,,,,,4.335033
trueno_hecho_de_agua,chimera_grid,1,align-on__nb6__mix1.00__warp-off,,trueno,goteo,chimera,6,True,False,1.0,-40.0,False,6.0,42,0.134887,0.743855,1.0,0.0,-0.225812,181.942783,196.712331,14.769547,682.86063,False,goteo,False,,,,,,,3,18.049447,-18.695921,-58.025621,,,,,,,,,2.227194
trueno_hecho_de_agua,chimera_grid,1,align-on__nb6__mix1.00__warp-on,,trueno,goteo,chimera,6,True,True,1.0,-40.0,False,6.0,42,0.136258,0.743855,1.0,0.0,-0.225058,181.942783,196.712331,14.769547,682.86063,False,goteo,False,reschedule_drips,19,19,19,,,3,17.743385,-18.412626,-47.000099,,,,,,,,,4.333306
trueno_hecho_de_agua,chimera_grid,1,align-on__nb8__mix0.00__warp-off,,trueno,goteo,chimera,8,True,False,0.0,-40.0,False,6.0,42,0.065178,0.743855,0.6,0.0,-0.144152,181.942783,196.712331,14.769547,682.86063,False,goteo,False,,,,,,,4,18.408203,-19.073609,-56.667983,,,,,,,,,2.440219
trueno_hecho_de_agua,chimera_grid,1,align-on__nb8__mix0.00__warp-on,,trueno,goteo,chimera,8,True,True,0.0,-40.0,False,6.0,42,-0.008069,0.743855,1.0,0.0,-0.304438,181.942783,196.712331,14.769547,682.86063,False,goteo,False,reschedule_drips,19,19,19,,,4,18.073004,-18.711536,-54.130573,,,,,,,,,5.242474
trueno_hecho_de_agua,chimera_grid,1,align-on__nb8__mix0.25__warp-off,,trueno,goteo,chimera,8,True,False,0.25,-40.0,False,6.0,42,0.07069,0.743855,0.5,0.0,-0.111121,181.942783,196.712331,14.769547,682.86063,False,goteo,False,,,,,,,4,18.563954,-19.204888,-57.37782,,,,,,,,,2.418439
trueno_hecho_de_agua,chimera_grid,1,align-on__nb8__mix0.25__warp-on,,trueno,goteo,chimera,8,True,True,0.25,-40.0,False,6.0,42,0.003498,0.743855,1.0,0.0,-0.298076,181.942783,196.712331,14.769547,682.86063,False,goteo,False,reschedule_drips,19,19,19,,,4,18.152138,-18.781697,-54.0925,,,,,,,,,4.372717
trueno_hecho_de_agua,chimera_grid,1,align-on__nb8__mix0.50__warp-off,,trueno,goteo,chimera,8,True,False,0.5,-40.0,False,6.0,42,0.077115,0.743855,0.666667,0.0,-0.157587,181.942783,196.712331,14.769547,682.86063,False,goteo,False,,,,,,,4,18.384058,-18.993513,-58.128232,,,,,,,,,1.551676
trueno_hecho_de_agua,chimera_grid,1,align-on__nb8__mix0.50__warp-on,,trueno,goteo,chimera,8,True,True,0.5,-40.0,False,6.0,42,0.023484,0.743855,1.0,0.0,-0.287084,181.942783,196.712331,14.769547,682.86063,False,goteo,False,reschedule_drips,19,19,19,,,4,18.382631,-19.00391,-54.090004,,,,,,,,,5.220627
trueno_hecho_de_agua,chimera_grid,1,align-on__nb8__mix0.75__warp-off,,trueno,goteo,chimera,8,True,False,0.75,-40.0,False,6.0,42,0.080559,0.743855,0.888889,0.0,-0.222359,181.942783,196.712331,14.769547,682.86063,False,goteo,False,,,,,,,4,17.865388,-18.45224,-58.554535,,,,,,,,,2.417591
trueno_hecho_de_agua,chimera_grid,1,align-on__nb8__mix0.75__warp-on,,trueno,goteo,chimera,8,True,True,0.75,-40.0,False,6.0,42,0.0541,0.743855,0.75,0.0,-0.195245,181.942783,196.712331,14.769547,682.86063,False,goteo,False,reschedule_drips,19,19,19,,,4,18.279575,-18.907956,-52.46706,,,,,,,,,5.283036
trueno_hecho_de_agua,chimera_grid,1,align-on__nb8__mix1.00__warp-off,,trueno,goteo,chimera,8,True,False,1.0,-40.0,False,6.0,42,0.094744,0.743855,0.866667,0.0,-0.207891,181.942783,196.712331,14.769547,682.86063,False,goteo,False,,,,,,,4,17.129896,-17.71338,-57.486833,,,,,,,,,2.484293
trueno_hecho_de_agua,chimera_grid,1,align-on__nb8__mix1.00__warp-on,,trueno,goteo,chimera,8,True,True,1.0,-40.0,False,6.0,42,0.108159,0.743855,1.0,0.0,-0.240513,181.942783,196.712331,14.769547,682.86063,False,goteo,False,reschedule_drips,19,19,19,,,4,21.023814,-21.690932,-47.900224,,,,,,,,,5.24455
trueno_hecho_de_agua,chimera_grid,1,align-on__nb12__mix0.00__warp-off,,trueno,goteo,chimera,12,True,False,0.0,-40.0,False,6.0,42,0.16693,0.743855,1.0,0.0,-0.208189,181.942783,196.712331,14.769547,682.86063,False,goteo,False,,,,,,,7,17.520542,-18.106336,-54.750209,,,,,,,,,2.86059
trueno_hecho_de_agua,chimera_grid,1,align-on__nb12__mix0.00__warp-on,,trueno,goteo,chimera,12,True,True,0.0,-40.0,False,6.0,42,0.055538,0.743855,1.0,0.0,-0.269454,181.942783,196.712331,14.769547,682.86063,False,goteo,False,reschedule_drips,19,19,19,,,7,18.418405,-18.985835,-58.513918,,,,,,,,,6.042789
trueno_hecho_de_agua,chimera_grid,1,align-on__nb12__mix0.25__warp-off,,trueno,goteo,chimera,12,True,False,0.25,-40.0,False,6.0,42,0.166979,0.743855,0.733333,0.0,-0.128162,181.942783,196.712331,14.769547,682.86063,False,goteo,False,,,,,,,7,18.126398,-18.704274,-56.319803,,,,,,,,,2.891185
trueno_hecho_de_agua,chimera_grid,1,align-on__nb12__mix0.25__warp-on,,trueno,goteo,chimera,12,True,True,0.25,-40.0,False,6.0,42,0.054456,0.743855,1.0,0.0,-0.270049,181.942783,196.712331,14.769547,682.86063,False,goteo,False,reschedule_drips,19,19,19,,,7,18.836614,-19.417538,-58.807731,,,,,,,,,6.052085
trueno_hecho_de_agua,chimera_grid,1,align-on__nb12__mix0.50__warp-off,,trueno,goteo,chimera,12,True,False,0.5,-40.0,False,6.0,42,0.156657,0.743855,0.9,0.0,-0.183839,181.942783,196.712331,14.769547,682.86063,False,goteo,False,,,,,,,7,18.339248,-18.9051,-57.996118,,,,,,,,,2.859004
trueno_hecho_de_agua,chimera_grid,1,align-on__nb12__mix0.50__warp-on,,trueno,goteo,chimera,12,True,True,0.5,-40.0,False,6.0,42,0.031797,0.743855,0.75,0.0,-0.207512,181.942783,196.712331,14.769547,682.86063,False,goteo,False,reschedule_drips,19,19,19,,,7,18.835823,-19.427547,-58.382688,,,,,,,,,5.194729
trueno_hecho_de_agua,chimera_grid,1,align-on__nb12__mix0.75__warp-off,,trueno,goteo,chimera,12,True,False,0.75,-40.0,False,6.0,42,0.136492,0.743855,0.9,0.0,-0.194929,181.942783,196.712331,14.769547,682.86063,False,goteo,False,,,,,,,7,18.252055,-18.810061,-59.37728,,,,,,,,,1.988405
trueno_hecho_de_agua,chimera_grid,1,align-on__nb12__mix0.75__warp-on,,trueno,goteo,chimera,12,True,True,0.75,-40.0,False,6.0,42,0.057605,0.743855,1.0,0.0,-0.268317,181.942783,196.712331,14.769547,682.86063,False,goteo,False,reschedule_drips,19,19,19,,,7,18.510809,-19.123593,-55.026186,,,,,,,,,6.048455
trueno_hecho_de_agua,chimera_grid,1,align-on__nb12__mix1.00__warp-off,,trueno,goteo,chimera,12,True,False,1.0,-40.0,False,6.0,42,0.116917,0.743855,1.0,0.0,-0.235696,181.942783,196.712331,14.769547,682.86063,False,goteo,False,,,,,,,7,18.443314,-19.008979,-58.462415,,,,,,,,,2.855875
trueno_hecho_de_agua,chimera_grid,1,align-on__nb12__mix1.00__warp-on,,trueno,goteo,chimera,12,True,True,1.0,-40.0,False,6.0,42,0.65219,0.743855,1.0,0.0,0.058704,181.942783,196.712331,14.769547,682.86063,False,goteo,False,reschedule_drips,19,19,19,,,7,24.859625,-25.472873,-53.000456,,,,,,,,,6.04852
trueno_hecho_de_agua,chimera_grid,1,align-on__nb16__mix0.00__warp-off,,trueno,goteo,chimera,16,True,False,0.0,-40.0,False,6.0,42,0.117568,0.743855,1.0,0.0,-0.235337,181.942783,196.712331,14.769547,682.86063,False,goteo,False,,,,,,,9,18.209142,-18.799929,-54.619027,,,,,,,,,3.2509
trueno_hecho_de_agua,chimera_grid,1,align-on__nb16__mix0.00__warp-on,,trueno,goteo,chimera,16,True,True,0.0,-40.0,False,6.0,42,0.089445,0.743855,1.0,0.0,-0.250805,181.942783,196.712331,14.769547,682.86063,False,goteo,False,reschedule_drips,19,19,19,,,9,19.816246,-20.409279,-58.337424,,,,,,,,,6.646527
trueno_hecho_de_agua,chimera_grid,1,align-on__nb16__mix0.25__warp-off,,trueno,goteo,chimera,16,True,False,0.25,-40.0,False,6.0,42,0.104328,0.743855,1.0,0.0,-0.24262,181.942783,196.712331,14.769547,682.86063,False,goteo,False,,,,,,,9,18.964834,-19.556179,-56.34599,,,,,,,,,2.398807
trueno_hecho_de_agua,chimera_grid,1,align-on__nb16__mix0.25__warp-on,,trueno,goteo,chimera,16,True,True,0.25,-40.0,False,6.0,42,0.069917,0.743855,1.0,0.0,-0.261546,181.942783,196.712331,14.769547,682.86063,False,goteo,False,reschedule_drips,19,19,19,,,9,19.867757,-20.473767,-58.851198,,,,,,,,,7.536268
trueno_hecho_de_agua,chimera_grid,1,align-on__nb16__mix0.50__warp-off,,trueno,goteo,chimera,16,True,False,0.5,-40.0,False,6.0,42,0.091424,0.743855,1.0,0.0,-0.249717,181.942783,196.712331,14.769547,682.86063,False,goteo,False,,,,,,,9,19.349492,-19.924636,-58.36521,,,,,,,,,3.287345
trueno_hecho_de_agua,chimera_grid,1,align-on__nb16__mix0.50__warp-on,,trueno,goteo,chimera,16,True,True,0.5,-40.0,False,6.0,42,0.059109,0.743855,1.0,0.0,-0.26749,181.942783,196.712331,14.769547,682.86063,False,goteo,False,reschedule_drips,19,19,19,,,9,19.492938,-20.089277,-57.545277,,,,,,,,,6.645316
trueno_hecho_de_agua,chimera_grid,1,align-on__nb16__mix0.75__warp-off,,trueno,goteo,chimera,16,True,False,0.75,-40.0,False,6.0,42,0.098734,0.743855,1.0,0.0,-0.245696,181.942783,196.712331,14.769547,682.86063,False,goteo,False,,,,,,,9,19.41272,-19.970235,-60.085764,,,,,,,,,2.421547
trueno_hecho_de_agua,chimera_grid,1,align-on__nb16__mix0.75__warp-on,,trueno,goteo,chimera,16,True,True,0.75,-40.0,False,6.0,42,0.027221,0.743855,1.0,0.0,-0.285028,181.942783,196.712331,14.769547,682.86063,False,goteo,False,reschedule_drips,19,19,19,,,9,19.143602,-19.694085,-50.836093,,,,,,,,,6.646074
trueno_hecho_de_agua,chimera_grid,1,align-on__nb16__mix1.00__warp-off,,trueno,goteo,chimera,16,True,False,1.0,-40.0,False,6.0,42,0.125108,0.743855,1.0,0.0,-0.231191,181.942783,196.712331,14.769547,682.86063,False,goteo,False,,,,,,,9,19.337474,-19.898439,-57.573331,,,,,,,,,2.391318
trueno_hecho_de_agua,chimera_grid,1,align-on__nb16__mix1.00__warp-on,,trueno,goteo,chimera,16,True,True,1.0,-40.0,False,6.0,42,0.529387,0.743855,0.333333,0.0,0.191163,181.942783,196.712331,14.769547,682.86063,False,goteo,False,reschedule_drips,19,19,19,,,9,28.374343,-28.72991,-50.717729,,,,,,,,,7.539817
trueno_hecho_de_agua,chimera_grid,1,align-on__nb24__mix0.00__warp-off,,trueno,goteo,chimera,24,True,False,0.0,-40.0,False,6.0,42,0.155616,0.743855,0.75,0.0,-0.139411,181.942783,196.712331,14.769547,682.86063,False,goteo,False,,,,,,,14,18.808132,-19.374913,-59.65676,,,,,,,,,4.097926
trueno_hecho_de_agua,chimera_grid,1,align-on__nb24__mix0.00__warp-on,,trueno,goteo,chimera,24,True,True,0.0,-40.0,False,6.0,42,0.174691,0.743855,1.0,0.0,-0.20392,181.942783,196.712331,14.769547,682.86063,False,goteo,False,reschedule_drips,19,19,19,,,14,20.406009,-20.953475,-63.108201,,,,,,,,,9.325386
trueno_hecho_de_agua,chimera_grid,1,align-on__nb24__mix0.25__warp-off,,trueno,goteo,chimera,24,True,False,0.25,-40.0,False,6.0,42,0.157134,0.743855,0.833333,0.0,-0.163576,181.942783,196.712331,14.769547,682.86063,False,goteo,False,,,,,,,14,18.08033,-18.647549,-60.668055,,,,,,,,,4.1109
trueno_hecho_de_agua,chimera_grid,1,align-on__nb24__mix0.25__warp-on,,trueno,goteo,chimera,24,True,True,0.25,-40.0,False,6.0,42,0.135666,0.743855,1.0,0.0,-0.225384,181.942783,196.712331,14.769547,682.86063,False,goteo,False,reschedule_drips,19,19,19,,,14,20.389445,-20.94327,-63.557854,,,,,,,,,8.447162
trueno_hecho_de_agua,chimera_grid,1,align-on__nb24__mix0.50__warp-off,,trueno,goteo,chimera,24,True,False,0.5,-40.0,False,6.0,42,0.114991,0.743855,0.785714,0.0,-0.172469,181.942783,196.712331,14.769547,682.86063,False,goteo,False,,,,,,,14,17.255046,-17.802717,-61.853454,,,,,,,,,3.235185
trueno_hecho_de_agua,chimera_grid,1,align-on__nb24__mix0.50__warp-on,,trueno,goteo,chimera,24,True,True,0.5,-40.0,False,6.0,42,0.062298,0.743855,1.0,0.0,-0.265736,181.942783,196.712331,14.769547,682.86063,False,goteo,False,reschedule_drips,19,19,19,,,14,20.062804,-20.594333,-62.029414,,,,,,,,,9.321864
trueno_hecho_de_agua,chimera_grid,1,align-on__nb24__mix0.75__warp-off,,trueno,goteo,chimera,24,True,False,0.75,-40.0,False,6.0,42,0.015368,0.743855,1.0,0.0,-0.291547,181.942783,196.712331,14.769547,682.86063,False,goteo,False,,,,,,,14,17.487437,-18.005503,-61.564467,,,,,,,,,4.118583
trueno_hecho_de_agua,chimera_grid,1,align-on__nb24__mix0.75__warp-on,,trueno,goteo,chimera,24,True,True,0.75,-40.0,False,6.0,42,0.377314,0.743855,1.0,0.0,-0.092477,181.942783,196.712331,14.769547,682.86063,False,goteo,False,reschedule_drips,19,19,19,,,14,20.92559,-21.33516,-55.988892,,,,,,,,,8.461884
trueno_hecho_de_agua,chimera_grid,1,align-on__nb24__mix1.00__warp-off,,trueno,goteo,chimera,24,True,False,1.0,-40.0,False,6.0,42,0.174438,0.743855,1.0,0.0,-0.204059,181.942783,196.712331,14.769547,682.86063,False,goteo,False,,,,,,,14,19.539745,-20.031213,-56.489712,,,,,,,,,3.247399
trueno_hecho_de_agua,chimera_grid,1,align-on__nb24__mix1.00__warp-on,,trueno,goteo,chimera,24,True,True,1.0,-40.0,False,6.0,42,0.918736,0.743855,0.333333,0.0,0.405305,181.942783,196.712331,14.769547,682.86063,False,goteo,False,reschedule_drips,19,19,19,,,14,28.519871,-28.251848,-54.57813,,,,,,,,,9.300136
trueno_hecho_de_agua,chimera_grid,1,align-on__nb32__mix0.00__warp-off,,trueno,goteo,chimera,32,True,False,0.0,-40.0,False,6.0,42,0.090027,0.743855,1.0,0.0,-0.250485,181.942783,196.712331,14.769547,682.86063,False,goteo,False,,,,,,,18,19.393991,-19.956925,-61.87889,,,,,,,,,4.111569
trueno_hecho_de_agua,chimera_grid,1,align-on__nb32__mix0.00__warp-on,,trueno,goteo,chimera,32,True,True,0.0,-40.0,False,6.0,42,0.265012,0.743855,1.0,0.0,-0.154243,181.942783,196.712331,14.769547,682.86063,False,goteo,False,reschedule_drips,19,19,19,,,18,20.980163,-21.536546,-64.02626,,,,,,,,,10.984564
trueno_hecho_de_agua,chimera_grid,1,align-on__nb32__mix0.25__warp-off,,trueno,goteo,chimera,32,True,False,0.25,-40.0,False,6.0,42,0.080002,0.743855,1.0,0.0,-0.255999,181.942783,196.712331,14.769547,682.86063,False,goteo,False,,,,,,,18,18.855001,-19.425189,-61.575335,,,,,,,,,4.963352
trueno_hecho_de_agua,chimera_grid,1,align-on__nb32__mix0.25__warp-on,,trueno,goteo,chimera,32,True,True,0.25,-40.0,False,6.0,42,0.235016,0.743855,1.0,0.0,-0.170741,181.942783,196.712331,14.769547,682.86063,False,goteo,False,reschedule_drips,19,19,19,,,18,20.845684,-21.418524,-63.191765,,,,,,,,,10.996758
trueno_hecho_de_agua,chimera_grid,1,align-on__nb32__mix0.50__warp-off,,trueno,goteo,chimera,32,True,False,0.5,-40.0,False,6.0,42,0.059386,0.743855,1.0,0.0,-0.267338,181.942783,196.712331,14.769547,682.86063,False,goteo,False,,,,,,,18,19.232953,-19.795715,-61.784163,,,,,,,,,4.935689
trueno_hecho_de_agua,chimera_grid,1,align-on__nb32__mix0.50__warp-on,,trueno,goteo,chimera,32,True,True,0.5,-40.0,False,6.0,42,0.167353,0.743855,1.0,0.0,-0.207956,181.942783,196.712331,14.769547,682.86063,False,goteo,False,reschedule_drips,19,19,19,,,18,20.828594,-21.408729,-58.900919,,,,,,,,,10.994124
trueno_hecho_de_agua,chimera_grid,1,align-on__nb32__mix0.75__warp-off,,trueno,goteo,chimera,32,True,False,0.75,-40.0,False,6.0,42,0.024355,0.743855,1.0,0.0,-0.286605,181.942783,196.712331,14.769547,682.86063,False,goteo,False,,,,,,,18,19.154248,-19.715941,-57.016674,,,,,,,,,4.968217
trueno_hecho_de_agua,chimera_grid,1,align-on__nb32__mix0.75__warp-on,,trueno,goteo,chimera,32,True,True,0.75,-40.0,False,6.0,42,0.102999,0.743855,1.0,0.0,-0.243351,181.942783,196.712331,14.769547,682.86063,False,goteo,False,reschedule_drips,19,19,19,,,18,20.392054,-21.00408,-49.360077,,,,,,,,,10.139526
trueno_hecho_de_agua,chimera_grid,1,align-on__nb32__mix1.00__warp-off,,trueno,goteo,chimera,32,True,False,1.0,-40.0,False,6.0,42,0.392585,0.743855,1.0,0.0,-0.084078,181.942783,196.712331,14.769547,682.86063,False,goteo,False,,,,,,,18,22.426284,-23.070609,-52.45033,,,,,,,,,4.108108
trueno_hecho_de_agua,chimera_grid,1,align-on__nb32__mix1.00__warp-on,,trueno,goteo,chimera,32,True,True,1.0,-40.0,False,6.0,42,0.544602,0.743855,1.0,0.0,-0.000469,181.942783,196.712331,14.769547,682.86063,False,goteo,False,reschedule_drips,19,19,19,,,18,29.221213,-30.1058,-48.628628,,,,,,,,,11.019982
trueno_hecho_de_agua,chimera_plana,1,plana__align-off__nb2__warp-off,,trueno,goteo,chimera_plana,2,False,False,,-40.0,False,6.0,42,0.377461,0.369222,0.857143,0.0,-0.049539,,,,,False,,False,,,,,,color_mix;a_floor_db,1,18.985804,-30.920632,-47.107838,,,,,,,,,0.93175
trueno_hecho_de_agua,chimera_plana,1,plana__align-off__nb4__warp-off,,trueno,goteo,chimera_plana,4,False,False,,-40.0,False,6.0,42,0.210826,0.369222,1.0,0.0,-0.184046,,,,,False,,False,,,,,,color_mix;a_floor_db,2,18.799289,-30.696577,-56.024327,,,,,,,,,1.133884
trueno_hecho_de_agua,chimera_plana,1,plana__align-off__nb6__warp-off,,trueno,goteo,chimera_plana,6,False,False,,-40.0,False,6.0,42,0.088041,0.369222,0.714286,0.0,-0.165863,,,,,False,,False,,,,,,color_mix;a_floor_db,3,18.541021,-30.522405,-59.021113,,,,,,,,,1.377894
trueno_hecho_de_agua,chimera_plana,1,plana__align-off__nb8__warp-off,,trueno,goteo,chimera_plana,8,False,False,,-40.0,False,6.0,42,0.13571,0.369222,0.875,0.0,-0.187859,,,,,False,,False,,,,,,color_mix;a_floor_db,4,18.375179,-31.017353,-64.627549,,,,,,,,,1.606138
trueno_hecho_de_agua,chimera_plana,1,plana__align-off__nb12__warp-off,,trueno,goteo,chimera_plana,12,False,False,,-40.0,False,6.0,42,0.16928,0.369222,1.0,0.0,-0.206896,,,,,False,,False,,,,,,color_mix;a_floor_db,7,17.841867,-31.767195,-62.139742,True,muestra7,escucha_AB/fusion_v12/trueno_hecho_de_agua/muestra7__plana__align-off__nb12__warp-off.wav,1.488329,linear,False,-0.0,,2.005617
trueno_hecho_de_agua,chimera_plana,1,plana__align-off__nb16__warp-off,,trueno,goteo,chimera_plana,16,False,False,,-40.0,False,6.0,42,0.277131,0.369222,1.0,0.0,-0.147578,,,,,False,,False,,,,,,color_mix;a_floor_db,9,19.699108,-32.076929,-63.277692,,,,,,,,,2.392668
trueno_hecho_de_agua,chimera_plana,1,plana__align-off__nb24__warp-off,,trueno,goteo,chimera_plana,24,False,False,,-40.0,False,6.0,42,0.323542,0.369222,1.0,0.0,-0.122052,,,,,False,,False,,,,,,color_mix;a_floor_db,14,22.053568,-32.024737,-67.478955,,,,,,,,,3.220803
trueno_hecho_de_agua,chimera_plana,1,plana__align-off__nb32__warp-off,,trueno,goteo,chimera_plana,32,False,False,,-40.0,False,6.0,42,0.250561,0.369222,1.0,0.0,-0.162192,,,,,False,,False,,,,,,color_mix;a_floor_db,18,22.273464,-31.812261,-69.92583,,,,,,,,,4.081605
trueno_hecho_de_agua,baseline_v11,1,align-off__nb6__mixV11__warp-off,,trueno,goteo,chimera,6,False,False,,-40.0,False,6.0,42,0.162225,0.369222,0.5,0.0,-0.060776,,,,,False,,False,,,,,,a_floor_db,3,47.458203,-53.586594,-52.25973,True,baseline_v11,escucha_AB/fusion_v12/trueno_hecho_de_agua/baseline_v11__align-off__nb6__mixV11__warp-off.wav,9.9368,soft_limit,True,-2.630682,,1.384279
trueno_hecho_de_agua,suma_ancla,1,suma,,trueno,goteo,suma,8,False,False,,-40.0,False,6.0,42,0.626659,0.369222,0.160714,0.586887,0.208415,,,,,False,,False,,,,,,color_mix;a_floor_db;n_bands,,19.165645,-30.374473,-40.690928,True,suma_ancla,escucha_AB/fusion_v12/trueno_hecho_de_agua/suma_ancla__suma.wav,0.750811,linear,False,0.0,,0.747418
trueno_hecho_de_agua,vocoder,1,vocoder__align-off__nb8__warp-off,,trueno,goteo,vocoder,8,False,False,,-40.0,False,6.0,42,0.28537,0.369222,0.62963,0.0,-0.031936,,,,,False,,False,,,,,,color_mix;a_floor_db,4,21.25846,-26.523528,-76.809515,,,,,,,,,3.261206
trueno_hecho_de_agua,vocoder,1,vocoder__align-off__nb12__warp-off,,trueno,goteo,vocoder,12,False,False,,-40.0,False,6.0,42,0.123825,0.369222,0.714286,0.0,-0.146182,,,,,False,,False,,,,,,color_mix;a_floor_db,7,19.705082,-22.529816,-76.517397,,,,,,,,,3.529418
trueno_hecho_de_agua,vocoder,1,vocoder__align-off__nb16__warp-off,,trueno,goteo,vocoder,16,False,False,,-40.0,False,6.0,42,0.19619,0.369222,1.0,0.0,-0.192095,,,,,False,,False,,,,,,color_mix;a_floor_db,9,20.985039,-23.1552,-78.178492,True,muestra8,escucha_AB/fusion_v12/trueno_hecho_de_agua/muestra8__vocoder__align-off__nb16__warp-off.wav,0.471616,linear,False,0.0,,3.843267
trueno_hecho_de_agua,stats_finish_top5,2,align-off__nb32__mix1.00__warp-on__stats-on,,trueno,goteo,chimera,32,False,True,1.0,-40.0,True,6.0,42,0.719329,0.369222,1.0,0.0,0.095631,,,,,False,,False,reschedule_drips,19,19,19,,,18,34.031406,-41.479025,-50.219828,,,,,,,,1,24.176047
trueno_hecho_de_agua,stats_finish_top5,2,align-off__nb24__mix1.00__warp-on__stats-on,,trueno,goteo,chimera,24,False,True,1.0,-40.0,True,6.0,42,0.822954,0.369222,0.333333,0.0,0.352625,,,,,False,,False,reschedule_drips,19,19,19,,,14,32.050438,-34.552029,-60.132173,,,,,,,,2,21.851285
trueno_hecho_de_agua,stats_finish_top5,2,align-on__nb24__mix1.00__warp-on__stats-on,,trueno,goteo,chimera,24,True,True,1.0,-40.0,True,6.0,42,0.806193,0.743855,0.666667,0.0,0.243406,181.942783,196.712331,14.769547,682.86063,False,goteo,False,reschedule_drips,19,19,19,,,14,27.36393,-28.322378,-59.346743,,,,,,,,3,20.926288
trueno_hecho_de_agua,stats_finish_top5,2,align-off__nb24__mix0.75__warp-on__stats-on,,trueno,goteo,chimera,24,False,True,0.75,-40.0,True,6.0,42,0.789556,0.369222,0.333333,0.0,0.334256,,,,,False,,False,reschedule_drips,19,19,19,,,14,29.587103,-31.906632,-59.783042,,,,,,,,4,21.795279
trueno_hecho_de_agua,stats_finish_top5,2,align-off__nb12__mix1.00__warp-on__stats-on,,trueno,goteo,chimera,12,False,True,1.0,-40.0,True,6.0,42,0.728718,0.369222,0.5,0.0,0.250795,,,,,False,,False,reschedule_drips,19,19,19,,,7,31.734676,-37.921109,-59.580143,,,,,,,,5,18.747822
