method,run,name,verdict,reasons,rms_db,peak_db,crest_db,flatness,centroid_hz,dynamic_range_db,path
baseline_interp,full,liquid_rock_impact_anchor0.wav,garbage,silent (rms=-51.9 dBFS); no transients (peak=-20.0 dBFS),-51.86,-20.01,31.85,0.312,3358.0,43.64,outputs/baseline_interp/full/liquid_rock_impact_anchor0.wav
baseline_interp,full,liquid_rock_impact_anchor1.wav,suspicious,silent (rms=-52.1 dBFS),-52.13,-16.82,35.31,0.318,3380.0,41.93,outputs/baseline_interp/full/liquid_rock_impact_anchor1.wav
baseline_interp,full,rolling_drop_anchor0.wav,suspicious,silent (rms=-45.5 dBFS),-45.51,-17.72,27.79,0.125,3267.0,29.8,outputs/baseline_interp/full/rolling_drop_anchor0.wav
baseline_interp,full,rolling_drop_anchor1.wav,good,,-42.96,-14.32,28.65,0.121,2911.0,32.65,outputs/baseline_interp/full/rolling_drop_anchor1.wav
baseline_interp,full,wet_gravel_scrape_anchor0.wav,garbage,silent (rms=-49.8 dBFS); no transients (peak=-20.0 dBFS),-49.83,-20.04,29.79,0.296,3770.0,41.54,outputs/baseline_interp/full/wet_gravel_scrape_anchor0.wav
baseline_interp,full,wet_gravel_scrape_anchor1.wav,suspicious,silent (rms=-46.7 dBFS),-46.74,-19.36,27.38,0.301,3767.0,43.95,outputs/baseline_interp/full/wet_gravel_scrape_anchor1.wav
baseline_interp,quick,liquid_rock_impact_anchor0.wav,garbage,silent (rms=-73.8 dBFS); no transients (peak=-50.1 dBFS),-73.76,-50.14,23.63,0.343,3637.0,9.54,outputs/baseline_interp/quick/liquid_rock_impact_anchor0.wav
baseline_interp,quick,rolling_drop_anchor0.wav,garbage,silent (rms=-51.1 dBFS); no transients (peak=-38.6 dBFS),-51.14,-38.58,12.56,0.134,3786.0,4.23,outputs/baseline_interp/quick/rolling_drop_anchor0.wav
baseline_interp,quick,wet_gravel_scrape_anchor0.wav,garbage,silent (rms=-68.2 dBFS); no transients (peak=-47.6 dBFS),-68.19,-47.57,20.61,0.268,4255.0,8.22,outputs/baseline_interp/quick/wet_gravel_scrape_anchor0.wav
baseline_interp,quick_seq,liquid_rock_impact_anchor0.wav,garbage,silent (rms=-51.9 dBFS); no transients (peak=-20.0 dBFS),-51.86,-20.01,31.85,0.312,3358.0,43.64,outputs/baseline_interp/quick_seq/liquid_rock_impact_anchor0.wav
baseline_interp,quick_seq,rolling_drop_anchor0.wav,suspicious,silent (rms=-45.5 dBFS),-45.51,-17.72,27.79,0.125,3267.0,29.8,outputs/baseline_interp/quick_seq/rolling_drop_anchor0.wav
baseline_interp,quick_seq,wet_gravel_scrape_anchor0.wav,garbage,silent (rms=-49.8 dBFS); no transients (peak=-20.0 dBFS),-49.83,-20.04,29.79,0.296,3770.0,41.54,outputs/baseline_interp/quick_seq/wet_gravel_scrape_anchor0.wav
baseline_sum,full,liquid_rock_impact_anchor0.wav,good,,-18.87,-0.15,18.73,0.009,371.0,12.6,outputs/baseline_sum/full/liquid_rock_impact_anchor0.wav
baseline_sum,full,liquid_rock_impact_anchor1.wav,good,,-19.03,-0.0,19.03,0.009,373.0,11.77,outputs/baseline_sum/full/liquid_rock_impact_anchor1.wav
baseline_sum,full,rolling_drop_anchor0.wav,good,,-15.69,-2.26,13.43,0.011,587.0,7.57,outputs/baseline_sum/full/rolling_drop_anchor0.wav
baseline_sum,full,rolling_drop_anchor1.wav,good,,-11.3,0.0,11.3,0.009,435.0,9.98,outputs/baseline_sum/full/rolling_drop_anchor1.wav
baseline_sum,full,wet_gravel_scrape_anchor0.wav,good,,-19.21,-0.69,18.52,0.011,469.0,12.38,outputs/baseline_sum/full/wet_gravel_scrape_anchor0.wav
baseline_sum,full,wet_gravel_scrape_anchor1.wav,good,,-19.58,-0.0,19.58,0.011,472.0,12.62,outputs/baseline_sum/full/wet_gravel_scrape_anchor1.wav
baseline_sum,quick,liquid_rock_impact_anchor0.wav,good,,-19.84,-9.67,10.17,0.009,373.0,4.15,outputs/baseline_sum/quick/liquid_rock_impact_anchor0.wav
baseline_sum,quick,rolling_drop_anchor0.wav,good,,-16.1,-5.18,10.92,0.008,446.0,3.63,outputs/baseline_sum/quick/rolling_drop_anchor0.wav
baseline_sum,quick,wet_gravel_scrape_anchor0.wav,good,,-20.82,-8.99,11.83,0.01,411.0,5.86,outputs/baseline_sum/quick/wet_gravel_scrape_anchor0.wav
baseline_sum,quick_seq,liquid_rock_impact_anchor0.wav,good,,-18.87,-0.15,18.73,0.009,371.0,12.6,outputs/baseline_sum/quick_seq/liquid_rock_impact_anchor0.wav
baseline_sum,quick_seq,rolling_drop_anchor0.wav,good,,-15.69,-2.26,13.43,0.011,587.0,7.57,outputs/baseline_sum/quick_seq/rolling_drop_anchor0.wav
baseline_sum,quick_seq,wet_gravel_scrape_anchor0.wav,good,,-19.21,-0.69,18.52,0.011,469.0,12.38,outputs/baseline_sum/quick_seq/wet_gravel_scrape_anchor0.wav
method_a,full,liquid_rock_impact_a0.3_b0.3_g0.0_anchor0.wav,good,,-34.94,-2.49,32.44,0.288,3104.0,61.12,outputs/method_a/full/liquid_rock_impact_a0.3_b0.3_g0.0_anchor0.wav
method_a,full,liquid_rock_impact_a0.3_b0.3_g0.0_anchor1.wav,good,,-34.52,-0.0,34.52,0.293,3096.0,60.06,outputs/method_a/full/liquid_rock_impact_a0.3_b0.3_g0.0_anchor1.wav
method_a,full,liquid_rock_impact_a0.3_b0.3_g0.5_anchor0.wav,good,,-34.39,-1.69,32.7,0.294,3755.0,60.61,outputs/method_a/full/liquid_rock_impact_a0.3_b0.3_g0.5_anchor0.wav
method_a,full,liquid_rock_impact_a0.3_b0.3_g0.5_anchor1.wav,good,,-34.16,-0.0,34.16,0.286,3675.0,59.31,outputs/method_a/full/liquid_rock_impact_a0.3_b0.3_g0.5_anchor1.wav
method_a,full,liquid_rock_impact_a0.3_b0.3_g1.0_anchor0.wav,good,,-34.18,-1.41,32.77,0.233,4241.0,54.76,outputs/method_a/full/liquid_rock_impact_a0.3_b0.3_g1.0_anchor0.wav
method_a,full,liquid_rock_impact_a0.3_b0.3_g1.0_anchor1.wav,good,,-33.86,-0.0,33.86,0.232,4225.0,54.67,outputs/method_a/full/liquid_rock_impact_a0.3_b0.3_g1.0_anchor1.wav
method_a,full,liquid_rock_impact_a0.3_b0.6_g0.0_anchor0.wav,good,,-34.94,-2.49,32.44,0.288,3104.0,61.12,outputs/method_a/full/liquid_rock_impact_a0.3_b0.6_g0.0_anchor0.wav
method_a,full,liquid_rock_impact_a0.3_b0.6_g0.0_anchor1.wav,good,,-34.52,-0.0,34.52,0.293,3096.0,60.06,outputs/method_a/full/liquid_rock_impact_a0.3_b0.6_g0.0_anchor1.wav
method_a,full,liquid_rock_impact_a0.3_b0.6_g0.5_anchor0.wav,good,,-34.39,-1.69,32.7,0.294,3755.0,60.61,outputs/method_a/full/liquid_rock_impact_a0.3_b0.6_g0.5_anchor0.wav
method_a,full,liquid_rock_impact_a0.3_b0.6_g0.5_anchor1.wav,good,,-34.16,-0.0,34.16,0.286,3675.0,59.31,outputs/method_a/full/liquid_rock_impact_a0.3_b0.6_g0.5_anchor1.wav
method_a,full,liquid_rock_impact_a0.3_b0.6_g1.0_anchor0.wav,good,,-34.18,-1.41,32.77,0.233,4241.0,54.76,outputs/method_a/full/liquid_rock_impact_a0.3_b0.6_g1.0_anchor0.wav
method_a,full,liquid_rock_impact_a0.3_b0.6_g1.0_anchor1.wav,good,,-33.86,-0.0,33.86,0.232,4225.0,54.67,outputs/method_a/full/liquid_rock_impact_a0.3_b0.6_g1.0_anchor1.wav
method_a,full,liquid_rock_impact_a0.3_b0.9_g0.0_anchor0.wav,good,,-34.94,-2.49,32.44,0.288,3104.0,61.12,outputs/method_a/full/liquid_rock_impact_a0.3_b0.9_g0.0_anchor0.wav
method_a,full,liquid_rock_impact_a0.3_b0.9_g0.0_anchor1.wav,good,,-34.52,-0.0,34.52,0.293,3096.0,60.06,outputs/method_a/full/liquid_rock_impact_a0.3_b0.9_g0.0_anchor1.wav
method_a,full,liquid_rock_impact_a0.3_b0.9_g0.5_anchor0.wav,good,,-34.39,-1.69,32.7,0.294,3755.0,60.61,outputs/method_a/full/liquid_rock_impact_a0.3_b0.9_g0.5_anchor0.wav
method_a,full,liquid_rock_impact_a0.3_b0.9_g0.5_anchor1.wav,good,,-34.16,-0.0,34.16,0.286,3675.0,59.31,outputs/method_a/full/liquid_rock_impact_a0.3_b0.9_g0.5_anchor1.wav
method_a,full,liquid_rock_impact_a0.3_b0.9_g1.0_anchor0.wav,good,,-34.18,-1.41,32.77,0.233,4241.0,54.76,outputs/method_a/full/liquid_rock_impact_a0.3_b0.9_g1.0_anchor0.wav
method_a,full,liquid_rock_impact_a0.3_b0.9_g1.0_anchor1.wav,good,,-33.86,-0.0,33.86,0.232,4225.0,54.67,outputs/method_a/full/liquid_rock_impact_a0.3_b0.9_g1.0_anchor1.wav
method_a,full,liquid_rock_impact_a0.6_b0.3_g0.0_anchor0.wav,good,,-34.36,-1.69,32.68,0.294,4064.0,60.89,outputs/method_a/full/liquid_rock_impact_a0.6_b0.3_g0.0_anchor0.wav
method_a,full,liquid_rock_impact_a0.6_b0.3_g0.0_anchor1.wav,good,,-34.11,-0.0,34.11,0.288,4012.0,59.21,outputs/method_a/full/liquid_rock_impact_a0.6_b0.3_g0.0_anchor1.wav
method_a,full,liquid_rock_impact_a0.6_b0.3_g0.5_anchor0.wav,good,,-34.15,-1.32,32.83,0.229,4441.0,53.95,outputs/method_a/full/liquid_rock_impact_a0.6_b0.3_g0.5_anchor0.wav
method_a,full,liquid_rock_impact_a0.6_b0.3_g0.5_anchor1.wav,good,,-33.89,-0.0,33.89,0.228,4439.0,53.35,outputs/method_a/full/liquid_rock_impact_a0.6_b0.3_g0.5_anchor1.wav
method_a,full,liquid_rock_impact_a0.6_b0.3_g1.0_anchor0.wav,good,,-33.67,-0.7,32.98,0.198,4583.0,48.64,outputs/method_a/full/liquid_rock_impact_a0.6_b0.3_g1.0_anchor0.wav
method_a,full,liquid_rock_impact_a0.6_b0.3_g1.0_anchor1.wav,good,,-33.51,-0.0,33.51,0.199,4584.0,48.19,outputs/method_a/full/liquid_rock_impact_a0.6_b0.3_g1.0_anchor1.wav
method_a,full,liquid_rock_impact_a0.6_b0.6_g0.0_anchor0.wav,good,,-34.36,-1.69,32.68,0.294,4064.0,60.89,outputs/method_a/full/liquid_rock_impact_a0.6_b0.6_g0.0_anchor0.wav
method_a,full,liquid_rock_impact_a0.6_b0.6_g0.0_anchor1.wav,good,,-34.11,-0.0,34.11,0.288,4012.0,59.21,outputs/method_a/full/liquid_rock_impact_a0.6_b0.6_g0.0_anchor1.wav
method_a,full,liquid_rock_impact_a0.6_b0.6_g0.5_anchor0.wav,good,,-34.15,-1.32,32.83,0.229,4441.0,53.95,outputs/method_a/full/liquid_rock_impact_a0.6_b0.6_g0.5_anchor0.wav
method_a,full,liquid_rock_impact_a0.6_b0.6_g0.5_anchor1.wav,good,,-33.89,-0.0,33.89,0.228,4439.0,53.35,outputs/method_a/full/liquid_rock_impact_a0.6_b0.6_g0.5_anchor1.wav
method_a,full,liquid_rock_impact_a0.6_b0.6_g1.0_anchor0.wav,good,,-33.67,-0.7,32.98,0.198,4583.0,48.64,outputs/method_a/full/liquid_rock_impact_a0.6_b0.6_g1.0_anchor0.wav
method_a,full,liquid_rock_impact_a0.6_b0.6_g1.0_anchor1.wav,good,,-33.51,-0.0,33.51,0.199,4584.0,48.19,outputs/method_a/full/liquid_rock_impact_a0.6_b0.6_g1.0_anchor1.wav
method_a,full,liquid_rock_impact_a0.6_b0.9_g0.0_anchor0.wav,good,,-34.36,-1.69,32.68,0.294,4064.0,60.89,outputs/method_a/full/liquid_rock_impact_a0.6_b0.9_g0.0_anchor0.wav
method_a,full,liquid_rock_impact_a0.6_b0.9_g0.0_anchor1.wav,good,,-34.11,-0.0,34.11,0.288,4012.0,59.21,outputs/method_a/full/liquid_rock_impact_a0.6_b0.9_g0.0_anchor1.wav
method_a,full,liquid_rock_impact_a0.6_b0.9_g0.5_anchor0.wav,good,,-34.15,-1.32,32.83,0.229,4441.0,53.95,outputs/method_a/full/liquid_rock_impact_a0.6_b0.9_g0.5_anchor0.wav
method_a,full,liquid_rock_impact_a0.6_b0.9_g0.5_anchor1.wav,good,,-33.89,-0.0,33.89,0.228,4439.0,53.35,outputs/method_a/full/liquid_rock_impact_a0.6_b0.9_g0.5_anchor1.wav
method_a,full,liquid_rock_impact_a0.6_b0.9_g1.0_anchor0.wav,good,,-33.67,-0.7,32.98,0.198,4583.0,48.64,outputs/method_a/full/liquid_rock_impact_a0.6_b0.9_g1.0_anchor0.wav
method_a,full,liquid_rock_impact_a0.6_b0.9_g1.0_anchor1.wav,good,,-33.51,-0.0,33.51,0.199,4584.0,48.19,outputs/method_a/full/liquid_rock_impact_a0.6_b0.9_g1.0_anchor1.wav
method_a,full,liquid_rock_impact_a0.9_b0.3_g0.0_anchor0.wav,good,,-34.09,-1.26,32.83,0.226,4605.0,52.54,outputs/method_a/full/liquid_rock_impact_a0.9_b0.3_g0.0_anchor0.wav
method_a,full,liquid_rock_impact_a0.9_b0.3_g0.0_anchor1.wav,good,,-33.76,-0.0,33.76,0.226,4596.0,52.55,outputs/method_a/full/liquid_rock_impact_a0.9_b0.3_g0.0_anchor1.wav
method_a,full,liquid_rock_impact_a0.9_b0.3_g0.5_anchor0.wav,good,,-33.6,-0.62,32.98,0.196,4700.0,48.08,outputs/method_a/full/liquid_rock_impact_a0.9_b0.3_g0.5_anchor0.wav
method_a,full,liquid_rock_impact_a0.9_b0.3_g0.5_anchor1.wav,good,,-33.45,-0.0,33.45,0.197,4703.0,47.62,outputs/method_a/full/liquid_rock_impact_a0.9_b0.3_g0.5_anchor1.wav
method_a,full,liquid_rock_impact_a0.9_b0.3_g1.0_anchor0.wav,good,,-33.05,0.0,33.05,0.176,4742.0,44.94,outputs/method_a/full/liquid_rock_impact_a0.9_b0.3_g1.0_anchor0.wav
method_a,full,liquid_rock_impact_a0.9_b0.3_g1.0_anchor1.wav,good,,-33.05,-0.0,33.05,0.177,4746.0,43.99,outputs/method_a/full/liquid_rock_impact_a0.9_b0.3_g1.0_anchor1.wav
method_a,full,liquid_rock_impact_a0.9_b0.6_g0.0_anchor0.wav,good,,-34.09,-1.26,32.83,0.226,4605.0,52.54,outputs/method_a/full/liquid_rock_impact_a0.9_b0.6_g0.0_anchor0.wav
method_a,full,liquid_rock_impact_a0.9_b0.6_g0.0_anchor1.wav,good,,-33.76,-0.0,33.76,0.226,4596.0,52.55,outputs/method_a/full/liquid_rock_impact_a0.9_b0.6_g0.0_anchor1.wav
method_a,full,liquid_rock_impact_a0.9_b0.6_g0.5_anchor0.wav,good,,-33.6,-0.62,32.98,0.196,4700.0,48.08,outputs/method_a/full/liquid_rock_impact_a0.9_b0.6_g0.5_anchor0.wav
method_a,full,liquid_rock_impact_a0.9_b0.6_g0.5_anchor1.wav,good,,-33.45,-0.0,33.45,0.197,4703.0,47.62,outputs/method_a/full/liquid_rock_impact_a0.9_b0.6_g0.5_anchor1.wav
method_a,full,liquid_rock_impact_a0.9_b0.6_g1.0_anchor0.wav,good,,-33.05,0.0,33.05,0.176,4742.0,44.94,outputs/method_a/full/liquid_rock_impact_a0.9_b0.6_g1.0_anchor0.wav
method_a,full,liquid_rock_impact_a0.9_b0.6_g1.0_anchor1.wav,good,,-33.05,-0.0,33.05,0.177,4746.0,43.99,outputs/method_a/full/liquid_rock_impact_a0.9_b0.6_g1.0_anchor1.wav
method_a,full,liquid_rock_impact_a0.9_b0.9_g0.0_anchor0.wav,good,,-34.09,-1.26,32.83,0.226,4605.0,52.54,outputs/method_a/full/liquid_rock_impact_a0.9_b0.9_g0.0_anchor0.wav
method_a,full,liquid_rock_impact_a0.9_b0.9_g0.0_anchor1.wav,good,,-33.76,-0.0,33.76,0.226,4596.0,52.55,outputs/method_a/full/liquid_rock_impact_a0.9_b0.9_g0.0_anchor1.wav
method_a,full,liquid_rock_impact_a0.9_b0.9_g0.5_anchor0.wav,good,,-33.6,-0.62,32.98,0.196,4700.0,48.08,outputs/method_a/full/liquid_rock_impact_a0.9_b0.9_g0.5_anchor0.wav
method_a,full,liquid_rock_impact_a0.9_b0.9_g0.5_anchor1.wav,good,,-33.45,-0.0,33.45,0.197,4703.0,47.62,outputs/method_a/full/liquid_rock_impact_a0.9_b0.9_g0.5_anchor1.wav
method_a,full,liquid_rock_impact_a0.9_b0.9_g1.0_anchor0.wav,good,,-33.05,0.0,33.05,0.176,4742.0,44.94,outputs/method_a/full/liquid_rock_impact_a0.9_b0.9_g1.0_anchor0.wav
method_a,full,liquid_rock_impact_a0.9_b0.9_g1.0_anchor1.wav,good,,-33.05,-0.0,33.05,0.177,4746.0,43.99,outputs/method_a/full/liquid_rock_impact_a0.9_b0.9_g1.0_anchor1.wav
method_a,full,rolling_drop_a0.3_b0.3_g0.0_anchor0.wav,good,,-30.69,-0.98,29.71,0.089,2577.0,45.53,outputs/method_a/full/rolling_drop_a0.3_b0.3_g0.0_anchor0.wav
method_a,full,rolling_drop_a0.3_b0.3_g0.0_anchor1.wav,good,,-27.64,-0.47,27.17,0.099,2103.0,55.48,outputs/method_a/full/rolling_drop_a0.3_b0.3_g0.0_anchor1.wav
method_a,full,rolling_drop_a0.3_b0.3_g0.5_anchor0.wav,good,,-26.29,0.0,26.29,0.087,3255.0,38.04,outputs/method_a/full/rolling_drop_a0.3_b0.3_g0.5_anchor0.wav
method_a,full,rolling_drop_a0.3_b0.3_g0.5_anchor1.wav,good,,-24.24,-0.0,24.24,0.086,2905.0,41.35,outputs/method_a/full/rolling_drop_a0.3_b0.3_g0.5_anchor1.wav
method_a,full,rolling_drop_a0.3_b0.3_g1.0_anchor0.wav,good,,-22.18,0.0,22.18,0.077,3442.0,31.59,outputs/method_a/full/rolling_drop_a0.3_b0.3_g1.0_anchor0.wav
method_a,full,rolling_drop_a0.3_b0.3_g1.0_anchor1.wav,good,,-20.77,-0.0,20.77,0.076,3060.0,32.36,outputs/method_a/full/rolling_drop_a0.3_b0.3_g1.0_anchor1.wav
method_a,full,rolling_drop_a0.3_b0.6_g0.0_anchor0.wav,good,,-30.69,-0.98,29.71,0.089,2577.0,45.53,outputs/method_a/full/rolling_drop_a0.3_b0.6_g0.0_anchor0.wav
method_a,full,rolling_drop_a0.3_b0.6_g0.0_anchor1.wav,good,,-27.64,-0.47,27.17,0.099,2103.0,55.48,outputs/method_a/full/rolling_drop_a0.3_b0.6_g0.0_anchor1.wav
method_a,full,rolling_drop_a0.3_b0.6_g0.5_anchor0.wav,good,,-26.29,0.0,26.29,0.087,3255.0,38.04,outputs/method_a/full/rolling_drop_a0.3_b0.6_g0.5_anchor0.wav
method_a,full,rolling_drop_a0.3_b0.6_g0.5_anchor1.wav,good,,-24.24,-0.0,24.24,0.086,2905.0,41.35,outputs/method_a/full/rolling_drop_a0.3_b0.6_g0.5_anchor1.wav
method_a,full,rolling_drop_a0.3_b0.6_g1.0_anchor0.wav,good,,-22.18,0.0,22.18,0.077,3442.0,31.59,outputs/method_a/full/rolling_drop_a0.3_b0.6_g1.0_anchor0.wav
method_a,full,rolling_drop_a0.3_b0.6_g1.0_anchor1.wav,good,,-20.77,-0.0,20.77,0.076,3060.0,32.36,outputs/method_a/full/rolling_drop_a0.3_b0.6_g1.0_anchor1.wav
method_a,full,rolling_drop_a0.3_b0.9_g0.0_anchor0.wav,good,,-30.69,-0.98,29.71,0.089,2577.0,45.53,outputs/method_a/full/rolling_drop_a0.3_b0.9_g0.0_anchor0.wav
method_a,full,rolling_drop_a0.3_b0.9_g0.0_anchor1.wav,good,,-27.64,-0.47,27.17,0.099,2103.0,55.48,outputs/method_a/full/rolling_drop_a0.3_b0.9_g0.0_anchor1.wav
method_a,full,rolling_drop_a0.3_b0.9_g0.5_anchor0.wav,good,,-26.29,0.0,26.29,0.087,3255.0,38.04,outputs/method_a/full/rolling_drop_a0.3_b0.9_g0.5_anchor0.wav
method_a,full,rolling_drop_a0.3_b0.9_g0.5_anchor1.wav,good,,-24.24,-0.0,24.24,0.086,2905.0,41.35,outputs/method_a/full/rolling_drop_a0.3_b0.9_g0.5_anchor1.wav
method_a,full,rolling_drop_a0.3_b0.9_g1.0_anchor0.wav,good,,-22.18,0.0,22.18,0.077,3442.0,31.59,outputs/method_a/full/rolling_drop_a0.3_b0.9_g1.0_anchor0.wav
method_a,full,rolling_drop_a0.3_b0.9_g1.0_anchor1.wav,good,,-20.77,-0.0,20.77,0.076,3060.0,32.36,outputs/method_a/full/rolling_drop_a0.3_b0.9_g1.0_anchor1.wav
method_a,full,rolling_drop_a0.6_b0.3_g0.0_anchor0.wav,good,,-29.6,-0.38,29.22,0.091,2877.0,43.97,outputs/method_a/full/rolling_drop_a0.6_b0.3_g0.0_anchor0.wav
method_a,full,rolling_drop_a0.6_b0.3_g0.0_anchor1.wav,good,,-26.83,-0.0,26.83,0.107,2455.0,57.23,outputs/method_a/full/rolling_drop_a0.6_b0.3_g0.0_anchor1.wav
method_a,full,rolling_drop_a0.6_b0.3_g0.5_anchor0.wav,good,,-25.27,0.0,25.27,0.084,3328.0,36.5,outputs/method_a/full/rolling_drop_a0.6_b0.3_g0.5_anchor0.wav
method_a,full,rolling_drop_a0.6_b0.3_g0.5_anchor1.wav,good,,-23.48,-0.0,23.48,0.084,2981.0,38.96,outputs/method_a/full/rolling_drop_a0.6_b0.3_g0.5_anchor1.wav
method_a,full,rolling_drop_a0.6_b0.3_g1.0_anchor0.wav,good,,-21.28,0.0,21.28,0.076,3473.0,30.14,outputs/method_a/full/rolling_drop_a0.6_b0.3_g1.0_anchor0.wav
method_a,full,rolling_drop_a0.6_b0.3_g1.0_anchor1.wav,good,,-20.04,0.0,20.04,0.077,3101.0,30.48,outputs/method_a/full/rolling_drop_a0.6_b0.3_g1.0_anchor1.wav
method_a,full,rolling_drop_a0.6_b0.6_g0.0_anchor0.wav,good,,-29.6,-0.38,29.22,0.091,2877.0,43.97,outputs/method_a/full/rolling_drop_a0.6_b0.6_g0.0_anchor0.wav
method_a,full,rolling_drop_a0.6_b0.6_g0.0_anchor1.wav,good,,-26.83,-0.0,26.83,0.107,2455.0,57.23,outputs/method_a/full/rolling_drop_a0.6_b0.6_g0.0_anchor1.wav
method_a,full,rolling_drop_a0.6_b0.6_g0.5_anchor0.wav,good,,-25.27,0.0,25.27,0.084,3328.0,36.5,outputs/method_a/full/rolling_drop_a0.6_b0.6_g0.5_anchor0.wav
method_a,full,rolling_drop_a0.6_b0.6_g0.5_anchor1.wav,good,,-23.48,-0.0,23.48,0.084,2981.0,38.96,outputs/method_a/full/rolling_drop_a0.6_b0.6_g0.5_anchor1.wav
method_a,full,rolling_drop_a0.6_b0.6_g1.0_anchor0.wav,good,,-21.28,0.0,21.28,0.076,3473.0,30.14,outputs/method_a/full/rolling_drop_a0.6_b0.6_g1.0_anchor0.wav
method_a,full,rolling_drop_a0.6_b0.6_g1.0_anchor1.wav,good,,-20.04,0.0,20.04,0.077,3101.0,30.48,outputs/method_a/full/rolling_drop_a0.6_b0.6_g1.0_anchor1.wav
method_a,full,rolling_drop_a0.6_b0.9_g0.0_anchor0.wav,good,,-29.6,-0.38,29.22,0.091,2877.0,43.97,outputs/method_a/full/rolling_drop_a0.6_b0.9_g0.0_anchor0.wav
method_a,full,rolling_drop_a0.6_b0.9_g0.0_anchor1.wav,good,,-26.83,-0.0,26.83,0.107,2455.0,57.23,outputs/method_a/full/rolling_drop_a0.6_b0.9_g0.0_anchor1.wav
method_a,full,rolling_drop_a0.6_b0.9_g0.5_anchor0.wav,good,,-25.27,0.0,25.27,0.084,3328.0,36.5,outputs/method_a/full/rolling_drop_a0.6_b0.9_g0.5_anchor0.wav
method_a,full,rolling_drop_a0.6_b0.9_g0.5_anchor1.wav,good,,-23.48,-0.0,23.48,0.084,2981.0,38.96,outputs/method_a/full/rolling_drop_a0.6_b0.9_g0.5_anchor1.wav
method_a,full,rolling_drop_a0.6_b0.9_g1.0_anchor0.wav,good,,-21.28,0.0,21.28,0.076,3473.0,30.14,outputs/method_a/full/rolling_drop_a0.6_b0.9_g1.0_anchor0.wav
method_a,full,rolling_drop_a0.6_b0.9_g1.0_anchor1.wav,good,,-20.04,0.0,20.04,0.077,3101.0,30.48,outputs/method_a/full/rolling_drop_a0.6_b0.9_g1.0_anchor1.wav
method_a,full,rolling_drop_a0.9_b0.3_g0.0_anchor0.wav,good,,-28.48,-0.0,28.48,0.09,3028.0,41.62,outputs/method_a/full/rolling_drop_a0.9_b0.3_g0.0_anchor0.wav
method_a,full,rolling_drop_a0.9_b0.3_g0.0_anchor1.wav,good,,-26.03,-0.0,26.03,0.094,2686.0,48.37,outputs/method_a/full/rolling_drop_a0.9_b0.3_g0.0_anchor1.wav
method_a,full,rolling_drop_a0.9_b0.3_g0.5_anchor0.wav,good,,-24.2,0.0,24.2,0.081,3376.0,34.72,outputs/method_a/full/rolling_drop_a0.9_b0.3_g0.5_anchor0.wav
method_a,full,rolling_drop_a0.9_b0.3_g0.5_anchor1.wav,good,,-22.71,-0.0,22.71,0.082,3035.0,36.4,outputs/method_a/full/rolling_drop_a0.9_b0.3_g0.5_anchor1.wav
method_a,full,rolling_drop_a0.9_b0.3_g1.0_anchor0.wav,good,,-20.4,0.0,20.4,0.077,3501.0,29.14,outputs/method_a/full/rolling_drop_a0.9_b0.3_g1.0_anchor0.wav
method_a,full,rolling_drop_a0.9_b0.3_g1.0_anchor1.wav,good,,-19.29,0.0,19.29,0.076,3133.0,28.91,outputs/method_a/full/rolling_drop_a0.9_b0.3_g1.0_anchor1.wav
method_a,full,rolling_drop_a0.9_b0.6_g0.0_anchor0.wav,good,,-28.48,-0.0,28.48,0.09,3028.0,41.62,outputs/method_a/full/rolling_drop_a0.9_b0.6_g0.0_anchor0.wav
method_a,full,rolling_drop_a0.9_b0.6_g0.0_anchor1.wav,good,,-26.03,-0.0,26.03,0.094,2686.0,48.37,outputs/method_a/full/rolling_drop_a0.9_b0.6_g0.0_anchor1.wav
method_a,full,rolling_drop_a0.9_b0.6_g0.5_anchor0.wav,good,,-24.2,0.0,24.2,0.081,3376.0,34.72,outputs/method_a/full/rolling_drop_a0.9_b0.6_g0.5_anchor0.wav
method_a,full,rolling_drop_a0.9_b0.6_g0.5_anchor1.wav,good,,-22.71,-0.0,22.71,0.082,3035.0,36.4,outputs/method_a/full/rolling_drop_a0.9_b0.6_g0.5_anchor1.wav
method_a,full,rolling_drop_a0.9_b0.6_g1.0_anchor0.wav,good,,-20.4,0.0,20.4,0.077,3501.0,29.14,outputs/method_a/full/rolling_drop_a0.9_b0.6_g1.0_anchor0.wav
method_a,full,rolling_drop_a0.9_b0.6_g1.0_anchor1.wav,good,,-19.29,0.0,19.29,0.076,3133.0,28.91,outputs/method_a/full/rolling_drop_a0.9_b0.6_g1.0_anchor1.wav
method_a,full,rolling_drop_a0.9_b0.9_g0.0_anchor0.wav,good,,-28.48,-0.0,28.48,0.09,3028.0,41.62,outputs/method_a/full/rolling_drop_a0.9_b0.9_g0.0_anchor0.wav
method_a,full,rolling_drop_a0.9_b0.9_g0.0_anchor1.wav,good,,-26.03,-0.0,26.03,0.094,2686.0,48.37,outputs/method_a/full/rolling_drop_a0.9_b0.9_g0.0_anchor1.wav
method_a,full,rolling_drop_a0.9_b0.9_g0.5_anchor0.wav,good,,-24.2,0.0,24.2,0.081,3376.0,34.72,outputs/method_a/full/rolling_drop_a0.9_b0.9_g0.5_anchor0.wav
method_a,full,rolling_drop_a0.9_b0.9_g0.5_anchor1.wav,good,,-22.71,-0.0,22.71,0.082,3035.0,36.4,outputs/method_a/full/rolling_drop_a0.9_b0.9_g0.5_anchor1.wav
method_a,full,rolling_drop_a0.9_b0.9_g1.0_anchor0.wav,good,,-20.4,0.0,20.4,0.077,3501.0,29.14,outputs/method_a/full/rolling_drop_a0.9_b0.9_g1.0_anchor0.wav
method_a,full,rolling_drop_a0.9_b0.9_g1.0_anchor1.wav,good,,-19.29,0.0,19.29,0.076,3133.0,28.91,outputs/method_a/full/rolling_drop_a0.9_b0.9_g1.0_anchor1.wav
method_a,full,wet_gravel_scrape_a0.3_b0.3_g0.0_anchor0.wav,good,,-31.83,-3.11,28.71,0.309,3553.0,60.28,outputs/method_a/full/wet_gravel_scrape_a0.3_b0.3_g0.0_anchor0.wav
method_a,full,wet_gravel_scrape_a0.3_b0.3_g0.0_anchor1.wav,good,,-28.46,-1.84,26.62,0.31,3499.0,63.05,outputs/method_a/full/wet_gravel_scrape_a0.3_b0.3_g0.0_anchor1.wav
method_a,full,wet_gravel_scrape_a0.3_b0.3_g0.5_anchor0.wav,good,,-29.79,-1.61,28.18,0.182,4978.0,45.96,outputs/method_a/full/wet_gravel_scrape_a0.3_b0.3_g0.5_anchor0.wav
method_a,full,wet_gravel_scrape_a0.3_b0.3_g0.5_anchor1.wav,good,,-26.99,-0.4,26.58,0.184,5004.0,48.2,outputs/method_a/full/wet_gravel_scrape_a0.3_b0.3_g0.5_anchor1.wav
method_a,full,wet_gravel_scrape_a0.3_b0.3_g1.0_anchor0.wav,good,,-27.47,-0.07,27.4,0.141,5024.0,38.54,outputs/method_a/full/wet_gravel_scrape_a0.3_b0.3_g1.0_anchor0.wav
method_a,full,wet_gravel_scrape_a0.3_b0.3_g1.0_anchor1.wav,good,,-25.23,0.0,25.23,0.144,5036.0,40.23,outputs/method_a/full/wet_gravel_scrape_a0.3_b0.3_g1.0_anchor1.wav
method_a,full,wet_gravel_scrape_a0.3_b0.6_g0.0_anchor0.wav,good,,-31.83,-3.11,28.71,0.309,3553.0,60.28,outputs/method_a/full/wet_gravel_scrape_a0.3_b0.6_g0.0_anchor0.wav
method_a,full,wet_gravel_scrape_a0.3_b0.6_g0.0_anchor1.wav,good,,-28.46,-1.84,26.62,0.31,3499.0,63.05,outputs/method_a/full/wet_gravel_scrape_a0.3_b0.6_g0.0_anchor1.wav
method_a,full,wet_gravel_scrape_a0.3_b0.6_g0.5_anchor0.wav,good,,-29.79,-1.61,28.18,0.182,4978.0,45.96,outputs/method_a/full/wet_gravel_scrape_a0.3_b0.6_g0.5_anchor0.wav
method_a,full,wet_gravel_scrape_a0.3_b0.6_g0.5_anchor1.wav,good,,-26.99,-0.4,26.58,0.184,5004.0,48.2,outputs/method_a/full/wet_gravel_scrape_a0.3_b0.6_g0.5_anchor1.wav
method_a,full,wet_gravel_scrape_a0.3_b0.6_g1.0_anchor0.wav,good,,-27.47,-0.07,27.4,0.141,5024.0,38.54,outputs/method_a/full/wet_gravel_scrape_a0.3_b0.6_g1.0_anchor0.wav
method_a,full,wet_gravel_scrape_a0.3_b0.6_g1.0_anchor1.wav,good,,-25.23,0.0,25.23,0.144,5036.0,40.23,outputs/method_a/full/wet_gravel_scrape_a0.3_b0.6_g1.0_anchor1.wav
method_a,full,wet_gravel_scrape_a0.3_b0.9_g0.0_anchor0.wav,good,,-31.83,-3.11,28.71,0.309,3553.0,60.28,outputs/method_a/full/wet_gravel_scrape_a0.3_b0.9_g0.0_anchor0.wav
method_a,full,wet_gravel_scrape_a0.3_b0.9_g0.0_anchor1.wav,good,,-28.46,-1.84,26.62,0.31,3499.0,63.05,outputs/method_a/full/wet_gravel_scrape_a0.3_b0.9_g0.0_anchor1.wav
method_a,full,wet_gravel_scrape_a0.3_b0.9_g0.5_anchor0.wav,good,,-29.79,-1.61,28.18,0.182,4978.0,45.96,outputs/method_a/full/wet_gravel_scrape_a0.3_b0.9_g0.5_anchor0.wav
method_a,full,wet_gravel_scrape_a0.3_b0.9_g0.5_anchor1.wav,good,,-26.99,-0.4,26.58,0.184,5004.0,48.2,outputs/method_a/full/wet_gravel_scrape_a0.3_b0.9_g0.5_anchor1.wav
method_a,full,wet_gravel_scrape_a0.3_b0.9_g1.0_anchor0.wav,good,,-27.47,-0.07,27.4,0.141,5024.0,38.54,outputs/method_a/full/wet_gravel_scrape_a0.3_b0.9_g1.0_anchor0.wav
method_a,full,wet_gravel_scrape_a0.3_b0.9_g1.0_anchor1.wav,good,,-25.23,0.0,25.23,0.144,5036.0,40.23,outputs/method_a/full/wet_gravel_scrape_a0.3_b0.9_g1.0_anchor1.wav
method_a,full,wet_gravel_scrape_a0.6_b0.3_g0.0_anchor0.wav,good,,-30.87,-2.24,28.64,0.224,4539.0,53.4,outputs/method_a/full/wet_gravel_scrape_a0.6_b0.3_g0.0_anchor0.wav
method_a,full,wet_gravel_scrape_a0.6_b0.3_g0.0_anchor1.wav,good,,-27.77,-1.08,26.69,0.226,4513.0,56.19,outputs/method_a/full/wet_gravel_scrape_a0.6_b0.3_g0.0_anchor1.wav
method_a,full,wet_gravel_scrape_a0.6_b0.3_g0.5_anchor0.wav,good,,-28.68,-0.67,28.0,0.159,5044.0,41.99,outputs/method_a/full/wet_gravel_scrape_a0.6_b0.3_g0.5_anchor0.wav
method_a,full,wet_gravel_scrape_a0.6_b0.3_g0.5_anchor1.wav,good,,-26.11,0.0,26.11,0.161,5062.0,43.79,outputs/method_a/full/wet_gravel_scrape_a0.6_b0.3_g0.5_anchor1.wav
method_a,full,wet_gravel_scrape_a0.6_b0.3_g1.0_anchor0.wav,good,,-26.43,-0.35,26.09,0.129,4944.0,35.76,outputs/method_a/full/wet_gravel_scrape_a0.6_b0.3_g1.0_anchor0.wav
method_a,full,wet_gravel_scrape_a0.6_b0.3_g1.0_anchor1.wav,good,,-24.44,0.0,24.44,0.132,4912.0,37.51,outputs/method_a/full/wet_gravel_scrape_a0.6_b0.3_g1.0_anchor1.wav
method_a,full,wet_gravel_scrape_a0.6_b0.6_g0.0_anchor0.wav,good,,-30.87,-2.24,28.64,0.224,4539.0,53.4,outputs/method_a/full/wet_gravel_scrape_a0.6_b0.6_g0.0_anchor0.wav
method_a,full,wet_gravel_scrape_a0.6_b0.6_g0.0_anchor1.wav,good,,-27.77,-1.08,26.69,0.226,4513.0,56.19,outputs/method_a/full/wet_gravel_scrape_a0.6_b0.6_g0.0_anchor1.wav
method_a,full,wet_gravel_scrape_a0.6_b0.6_g0.5_anchor0.wav,good,,-28.68,-0.67,28.0,0.159,5044.0,41.99,outputs/method_a/full/wet_gravel_scrape_a0.6_b0.6_g0.5_anchor0.wav
method_a,full,wet_gravel_scrape_a0.6_b0.6_g0.5_anchor1.wav,good,,-26.11,0.0,26.11,0.161,5062.0,43.79,outputs/method_a/full/wet_gravel_scrape_a0.6_b0.6_g0.5_anchor1.wav
method_a,full,wet_gravel_scrape_a0.6_b0.6_g1.0_anchor0.wav,good,,-26.43,-0.35,26.09,0.129,4944.0,35.76,outputs/method_a/full/wet_gravel_scrape_a0.6_b0.6_g1.0_anchor0.wav
method_a,full,wet_gravel_scrape_a0.6_b0.6_g1.0_anchor1.wav,good,,-24.44,0.0,24.44,0.132,4912.0,37.51,outputs/method_a/full/wet_gravel_scrape_a0.6_b0.6_g1.0_anchor1.wav
method_a,full,wet_gravel_scrape_a0.6_b0.9_g0.0_anchor0.wav,good,,-30.87,-2.24,28.64,0.224,4539.0,53.4,outputs/method_a/full/wet_gravel_scrape_a0.6_b0.9_g0.0_anchor0.wav
method_a,full,wet_gravel_scrape_a0.6_b0.9_g0.0_anchor1.wav,good,,-27.77,-1.08,26.69,0.226,4513.0,56.19,outputs/method_a/full/wet_gravel_scrape_a0.6_b0.9_g0.0_anchor1.wav
method_a,full,wet_gravel_scrape_a0.6_b0.9_g0.5_anchor0.wav,good,,-28.68,-0.67,28.0,0.159,5044.0,41.99,outputs/method_a/full/wet_gravel_scrape_a0.6_b0.9_g0.5_anchor0.wav
method_a,full,wet_gravel_scrape_a0.6_b0.9_g0.5_anchor1.wav,good,,-26.11,0.0,26.11,0.161,5062.0,43.79,outputs/method_a/full/wet_gravel_scrape_a0.6_b0.9_g0.5_anchor1.wav
method_a,full,wet_gravel_scrape_a0.6_b0.9_g1.0_anchor0.wav,good,,-26.43,-0.35,26.09,0.129,4944.0,35.76,outputs/method_a/full/wet_gravel_scrape_a0.6_b0.9_g1.0_anchor0.wav
method_a,full,wet_gravel_scrape_a0.6_b0.9_g1.0_anchor1.wav,good,,-24.44,0.0,24.44,0.132,4912.0,37.51,outputs/method_a/full/wet_gravel_scrape_a0.6_b0.9_g1.0_anchor1.wav
method_a,full,wet_gravel_scrape_a0.9_b0.3_g0.0_anchor0.wav,good,,-29.88,-1.5,28.38,0.182,4884.0,46.23,outputs/method_a/full/wet_gravel_scrape_a0.9_b0.3_g0.0_anchor0.wav
method_a,full,wet_gravel_scrape_a0.9_b0.3_g0.0_anchor1.wav,good,,-27.01,-0.43,26.58,0.184,4907.0,48.39,outputs/method_a/full/wet_gravel_scrape_a0.9_b0.3_g0.0_anchor1.wav
method_a,full,wet_gravel_scrape_a0.9_b0.3_g0.5_anchor0.wav,good,,-27.52,-0.21,27.31,0.142,4984.0,38.64,outputs/method_a/full/wet_gravel_scrape_a0.9_b0.3_g0.5_anchor0.wav
method_a,full,wet_gravel_scrape_a0.9_b0.3_g0.5_anchor1.wav,good,,-25.25,0.0,25.25,0.145,4991.0,40.36,outputs/method_a/full/wet_gravel_scrape_a0.9_b0.3_g0.5_anchor1.wav
method_a,full,wet_gravel_scrape_a0.9_b0.3_g1.0_anchor0.wav,good,,-25.45,-0.0,25.45,0.12,4820.0,33.24,outputs/method_a/full/wet_gravel_scrape_a0.9_b0.3_g1.0_anchor0.wav
method_a,full,wet_gravel_scrape_a0.9_b0.3_g1.0_anchor1.wav,good,,-23.68,0.0,23.68,0.122,4780.0,34.94,outputs/method_a/full/wet_gravel_scrape_a0.9_b0.3_g1.0_anchor1.wav
method_a,full,wet_gravel_scrape_a0.9_b0.6_g0.0_anchor0.wav,good,,-29.88,-1.5,28.38,0.182,4884.0,46.23,outputs/method_a/full/wet_gravel_scrape_a0.9_b0.6_g0.0_anchor0.wav
method_a,full,wet_gravel_scrape_a0.9_b0.6_g0.0_anchor1.wav,good,,-27.01,-0.43,26.58,0.184,4907.0,48.39,outputs/method_a/full/wet_gravel_scrape_a0.9_b0.6_g0.0_anchor1.wav
method_a,full,wet_gravel_scrape_a0.9_b0.6_g0.5_anchor0.wav,good,,-27.52,-0.21,27.31,0.142,4984.0,38.64,outputs/method_a/full/wet_gravel_scrape_a0.9_b0.6_g0.5_anchor0.wav
method_a,full,wet_gravel_scrape_a0.9_b0.6_g0.5_anchor1.wav,good,,-25.25,0.0,25.25,0.145,4991.0,40.36,outputs/method_a/full/wet_gravel_scrape_a0.9_b0.6_g0.5_anchor1.wav
method_a,full,wet_gravel_scrape_a0.9_b0.6_g1.0_anchor0.wav,good,,-25.45,-0.0,25.45,0.12,4820.0,33.24,outputs/method_a/full/wet_gravel_scrape_a0.9_b0.6_g1.0_anchor0.wav
method_a,full,wet_gravel_scrape_a0.9_b0.6_g1.0_anchor1.wav,good,,-23.68,0.0,23.68,0.122,4780.0,34.94,outputs/method_a/full/wet_gravel_scrape_a0.9_b0.6_g1.0_anchor1.wav
method_a,full,wet_gravel_scrape_a0.9_b0.9_g0.0_anchor0.wav,good,,-29.88,-1.5,28.38,0.182,4884.0,46.23,outputs/method_a/full/wet_gravel_scrape_a0.9_b0.9_g0.0_anchor0.wav
method_a,full,wet_gravel_scrape_a0.9_b0.9_g0.0_anchor1.wav,good,,-27.01,-0.43,26.58,0.184,4907.0,48.39,outputs/method_a/full/wet_gravel_scrape_a0.9_b0.9_g0.0_anchor1.wav
method_a,full,wet_gravel_scrape_a0.9_b0.9_g0.5_anchor0.wav,good,,-27.52,-0.21,27.31,0.142,4984.0,38.64,outputs/method_a/full/wet_gravel_scrape_a0.9_b0.9_g0.5_anchor0.wav
method_a,full,wet_gravel_scrape_a0.9_b0.9_g0.5_anchor1.wav,good,,-25.25,0.0,25.25,0.145,4991.0,40.36,outputs/method_a/full/wet_gravel_scrape_a0.9_b0.9_g0.5_anchor1.wav
method_a,full,wet_gravel_scrape_a0.9_b0.9_g1.0_anchor0.wav,good,,-25.45,-0.0,25.45,0.12,4820.0,33.24,outputs/method_a/full/wet_gravel_scrape_a0.9_b0.9_g1.0_anchor0.wav
method_a,full,wet_gravel_scrape_a0.9_b0.9_g1.0_anchor1.wav,good,,-23.68,0.0,23.68,0.122,4780.0,34.94,outputs/method_a/full/wet_gravel_scrape_a0.9_b0.9_g1.0_anchor1.wav
method_a,quick,liquid_rock_impact_a0.6_b0.6_g0.5_anchor0.wav,garbage,silent (rms=-62.4 dBFS); no transients (peak=-45.6 dBFS),-62.38,-45.6,16.78,0.215,4529.0,6.05,outputs/method_a/quick/liquid_rock_impact_a0.6_b0.6_g0.5_anchor0.wav
method_a,quick,rolling_drop_a0.6_b0.6_g0.5_anchor0.wav,garbage,no transients (peak=-22.9 dBFS); flat dynamics (range=1.4 dB),-35.05,-22.9,12.15,0.081,3481.0,1.41,outputs/method_a/quick/rolling_drop_a0.6_b0.6_g0.5_anchor0.wav
method_a,quick,wet_gravel_scrape_a0.6_b0.6_g0.5_anchor0.wav,garbage,silent (rms=-50.0 dBFS); no transients (peak=-36.9 dBFS),-49.99,-36.87,13.12,0.152,5301.0,2.99,outputs/method_a/quick/wet_gravel_scrape_a0.6_b0.6_g0.5_anchor0.wav
method_a,quick_seq,liquid_rock_impact_a0.6_b0.6_g0.5_anchor0.wav,good,,-34.15,-1.32,32.83,0.229,4441.0,53.95,outputs/method_a/quick_seq/liquid_rock_impact_a0.6_b0.6_g0.5_anchor0.wav
method_a,quick_seq,rolling_drop_a0.6_b0.6_g0.5_anchor0.wav,good,,-25.27,0.0,25.27,0.084,3328.0,36.5,outputs/method_a/quick_seq/rolling_drop_a0.6_b0.6_g0.5_anchor0.wav
method_a,quick_seq,wet_gravel_scrape_a0.6_b0.6_g0.5_anchor0.wav,good,,-28.68,-0.67,28.0,0.159,5044.0,41.99,outputs/method_a/quick_seq/wet_gravel_scrape_a0.6_b0.6_g0.5_anchor0.wav
method_b,b_full,liquid_rock_impact_iters150_prior0.05_anchor0.wav,good,,-34.99,-0.27,34.72,0.335,3665.0,63.02,outputs/method_b/b_full/liquid_rock_impact_iters150_prior0.05_anchor0.wav
method_b,b_full,liquid_rock_impact_iters150_prior0.05_anchor1.wav,good,,-39.16,-1.6,37.55,0.327,3588.0,58.44,outputs/method_b/b_full/liquid_rock_impact_iters150_prior0.05_anchor1.wav
method_b,b_full,liquid_rock_impact_iters150_prior0.2_anchor0.wav,good,,-35.0,-0.26,34.73,0.334,3655.0,62.94,outputs/method_b/b_full/liquid_rock_impact_iters150_prior0.2_anchor0.wav
method_b,b_full,liquid_rock_impact_iters150_prior0.2_anchor1.wav,good,,-39.16,-1.61,37.55,0.326,3580.0,58.37,outputs/method_b/b_full/liquid_rock_impact_iters150_prior0.2_anchor1.wav
method_b,b_full,liquid_rock_impact_iters50_prior0.05_anchor0.wav,good,,-35.04,-0.0,35.04,0.279,2916.0,60.67,outputs/method_b/b_full/liquid_rock_impact_iters50_prior0.05_anchor0.wav
method_b,b_full,liquid_rock_impact_iters50_prior0.05_anchor1.wav,good,,-39.09,-1.51,37.58,0.279,2956.0,56.43,outputs/method_b/b_full/liquid_rock_impact_iters50_prior0.05_anchor1.wav
method_b,b_full,liquid_rock_impact_iters50_prior0.2_anchor0.wav,good,,-35.04,-0.0,35.04,0.279,2918.0,60.67,outputs/method_b/b_full/liquid_rock_impact_iters50_prior0.2_anchor0.wav
method_b,b_full,liquid_rock_impact_iters50_prior0.2_anchor1.wav,good,,-39.09,-1.51,37.58,0.279,2955.0,56.43,outputs/method_b/b_full/liquid_rock_impact_iters50_prior0.2_anchor1.wav
method_b,b_full,rolling_drop_iters150_prior0.05_anchor0.wav,good,,-30.9,-0.92,29.98,0.076,2745.0,44.77,outputs/method_b/b_full/rolling_drop_iters150_prior0.05_anchor0.wav
method_b,b_full,rolling_drop_iters150_prior0.05_anchor1.wav,good,,-29.53,-0.68,28.85,0.086,2398.0,53.26,outputs/method_b/b_full/rolling_drop_iters150_prior0.05_anchor1.wav
method_b,b_full,rolling_drop_iters150_prior0.2_anchor0.wav,good,,-30.94,-0.19,30.76,0.078,2757.0,45.1,outputs/method_b/b_full/rolling_drop_iters150_prior0.2_anchor0.wav
method_b,b_full,rolling_drop_iters150_prior0.2_anchor1.wav,good,,-29.51,-0.68,28.83,0.087,2402.0,53.77,outputs/method_b/b_full/rolling_drop_iters150_prior0.2_anchor1.wav
method_b,b_full,rolling_drop_iters50_prior0.05_anchor0.wav,good,,-31.74,-0.75,30.99,0.084,2504.0,47.92,outputs/method_b/b_full/rolling_drop_iters50_prior0.05_anchor0.wav
method_b,b_full,rolling_drop_iters50_prior0.05_anchor1.wav,good,,-29.21,-0.84,28.37,0.101,2130.0,55.78,outputs/method_b/b_full/rolling_drop_iters50_prior0.05_anchor1.wav
method_b,b_full,rolling_drop_iters50_prior0.2_anchor0.wav,good,,-31.74,-0.75,30.99,0.084,2505.0,47.94,outputs/method_b/b_full/rolling_drop_iters50_prior0.2_anchor0.wav
method_b,b_full,rolling_drop_iters50_prior0.2_anchor1.wav,good,,-29.2,-0.84,28.36,0.101,2128.0,55.78,outputs/method_b/b_full/rolling_drop_iters50_prior0.2_anchor1.wav
method_b,b_full,wet_gravel_scrape_iters150_prior0.05_anchor0.wav,good,,-32.43,-4.27,28.17,0.403,4313.0,71.71,outputs/method_b/b_full/wet_gravel_scrape_iters150_prior0.05_anchor0.wav
method_b,b_full,wet_gravel_scrape_iters150_prior0.05_anchor1.wav,good,,-28.92,-1.01,27.91,0.387,4080.0,74.45,outputs/method_b/b_full/wet_gravel_scrape_iters150_prior0.05_anchor1.wav
method_b,b_full,wet_gravel_scrape_iters150_prior0.2_anchor0.wav,good,,-32.46,-4.28,28.18,0.398,4274.0,71.37,outputs/method_b/b_full/wet_gravel_scrape_iters150_prior0.2_anchor0.wav
method_b,b_full,wet_gravel_scrape_iters150_prior0.2_anchor1.wav,good,,-28.94,-1.03,27.91,0.392,4129.0,74.28,outputs/method_b/b_full/wet_gravel_scrape_iters150_prior0.2_anchor1.wav
method_b,b_full,wet_gravel_scrape_iters50_prior0.05_anchor0.wav,good,,-32.84,-4.07,28.77,0.267,2944.0,60.49,outputs/method_b/b_full/wet_gravel_scrape_iters50_prior0.05_anchor0.wav
method_b,b_full,wet_gravel_scrape_iters50_prior0.05_anchor1.wav,good,,-29.25,-2.44,26.82,0.143,1605.0,62.71,outputs/method_b/b_full/wet_gravel_scrape_iters50_prior0.05_anchor1.wav
method_b,b_full,wet_gravel_scrape_iters50_prior0.2_anchor0.wav,good,,-32.84,-4.07,28.77,0.267,2945.0,60.49,outputs/method_b/b_full/wet_gravel_scrape_iters50_prior0.2_anchor0.wav
method_b,b_full,wet_gravel_scrape_iters50_prior0.2_anchor1.wav,good,,-29.26,-2.44,26.82,0.143,1605.0,62.69,outputs/method_b/b_full/wet_gravel_scrape_iters50_prior0.2_anchor1.wav
method_d,d_full,liquid_rock_impact_a0.6_b0.6_g1.0_anc0_DSP.wav,good,,-36.42,-4.28,32.14,0.08,1864.0,48.87,outputs/method_d/d_full/liquid_rock_impact_a0.6_b0.6_g1.0_anc0_DSP.wav
method_d,d_full,liquid_rock_impact_a0.6_b0.9_g1.0_anc0_DSP.wav,good,,-36.42,-4.28,32.14,0.08,1864.0,48.87,outputs/method_d/d_full/liquid_rock_impact_a0.6_b0.9_g1.0_anc0_DSP.wav
method_d,d_full,liquid_rock_impact_a0.9_b0.3_g0.0_anc1_DSP.wav,good,,-36.37,-3.92,32.44,0.105,1865.0,51.8,outputs/method_d/d_full/liquid_rock_impact_a0.9_b0.3_g0.0_anc1_DSP.wav
method_d,d_full,liquid_rock_impact_a0.9_b0.6_g0.0_anc1_DSP.wav,good,,-36.37,-3.92,32.44,0.105,1865.0,51.8,outputs/method_d/d_full/liquid_rock_impact_a0.9_b0.6_g0.0_anc1_DSP.wav
method_d,d_full,liquid_rock_impact_a0.9_b0.9_g0.0_anc1_DSP.wav,good,,-36.37,-3.92,32.44,0.105,1865.0,51.8,outputs/method_d/d_full/liquid_rock_impact_a0.9_b0.9_g0.0_anc1_DSP.wav
method_d,d_full,rolling_drop_a0.3_b0.3_g0.0_anc0_DSP.wav,good,,-32.63,-4.94,27.69,0.033,1403.0,46.24,outputs/method_d/d_full/rolling_drop_a0.3_b0.3_g0.0_anc0_DSP.wav
method_d,d_full,rolling_drop_a0.3_b0.6_g0.0_anc0_DSP.wav,good,,-32.63,-4.94,27.69,0.033,1403.0,46.24,outputs/method_d/d_full/rolling_drop_a0.3_b0.6_g0.0_anc0_DSP.wav
method_d,d_full,rolling_drop_a0.3_b0.9_g0.0_anc0_DSP.wav,good,,-32.63,-4.94,27.69,0.033,1403.0,46.24,outputs/method_d/d_full/rolling_drop_a0.3_b0.9_g0.0_anc0_DSP.wav
method_d,d_full,rolling_drop_a0.6_b0.3_g0.0_anc0_DSP.wav,good,,-31.81,-4.4,27.41,0.028,1429.0,44.32,outputs/method_d/d_full/rolling_drop_a0.6_b0.3_g0.0_anc0_DSP.wav
method_d,d_full,rolling_drop_a0.6_b0.6_g0.0_anc0_DSP.wav,good,,-31.81,-4.4,27.41,0.028,1429.0,44.32,outputs/method_d/d_full/rolling_drop_a0.6_b0.6_g0.0_anc0_DSP.wav
method_d,d_full,wet_gravel_scrape_a0.6_b0.3_g0.0_anc0_DSP.wav,good,,-30.45,-8.36,22.1,0.039,2022.0,50.44,outputs/method_d/d_full/wet_gravel_scrape_a0.6_b0.3_g0.0_anc0_DSP.wav
method_d,d_full,wet_gravel_scrape_a0.6_b0.6_g0.0_anc0_DSP.wav,good,,-30.45,-8.36,22.1,0.039,2022.0,50.44,outputs/method_d/d_full/wet_gravel_scrape_a0.6_b0.6_g0.0_anc0_DSP.wav
method_d,d_full,wet_gravel_scrape_a0.6_b0.6_g0.0_anc1_DSP.wav,good,,-28.68,-4.17,24.51,0.035,2031.0,54.2,outputs/method_d/d_full/wet_gravel_scrape_a0.6_b0.6_g0.0_anc1_DSP.wav
method_d,d_full,wet_gravel_scrape_a0.6_b0.9_g0.0_anc0_DSP.wav,good,,-30.45,-8.36,22.1,0.039,2022.0,50.44,outputs/method_d/d_full/wet_gravel_scrape_a0.6_b0.9_g0.0_anc0_DSP.wav
method_d,d_full,wet_gravel_scrape_a0.6_b0.9_g0.0_anc1_DSP.wav,good,,-28.68,-4.17,24.51,0.035,2031.0,54.2,outputs/method_d/d_full/wet_gravel_scrape_a0.6_b0.9_g0.0_anc1_DSP.wav
